,0,1,2,3,4
0,sadman,0.8787246908940659,0.9698062886653066,0.04480025988703351,0.7262257987268006
1,0.28916771087295845,0.7713550706696274,0.8970910278811499,0.5446681539120591,0.28329045083230775
2,0.24669062183166257,0.006265151076994879,0.7197176042711478,0.7330626858715678,0.9012235816265496
3,0.552209254645353,0.15125141268855213,0.8665069536067317,0.9688549810857205,0.03692967653163903
4,0.8059929821516599,0.31990711630082047,0.3852506311064995,0.07532118403776877,0.6783098730173239
5,0.6505211136828472,0.4197623460539448,0.2890491532657842,0.2553956536842845,0.6034977359938414
6,0.05990419424495497,0.44028561059145943,0.7138818560963746,0.44953146634669006,0.2568821934241715
7,0.8698439074254688,0.5865651239232684,0.9696000348076874,0.5706313003760143,0.30849887813984633
8,0.7207906484487334,0.5072530322953491,0.8613033817451596,0.646504612730769,0.5334111120936496
9,0.6761326887827167,0.29370397071677423,0.8000303246231902,0.357909249762953,0.46000092360756983
10,0.732206002163854,0.8241359714958594,0.39603054383524705,0.5704808444594289,0.9841141658477215
11,0.4690099739053222,0.5610419042906315,0.6920302712635409,0.16324113547736618,0.32386955808122064
12,0.17552282546691522,0.5964148162824381,0.6370292925662357,0.386800480654499,0.017538569991380704
13,0.3799049224367562,0.3300956017744572,0.6424480277990294,0.42976569281561183,0.9210642621501847
14,0.9679064024462348,0.05542060253119707,0.2783693095112997,0.5513642910254711,0.8413617099872082
15,0.3264655402932811,0.6042497875370625,0.6818466399535216,0.3053578114345167,0.5649218673878328
16,0.8742141399068012,0.09646112763218584,0.4027193771444232,0.9661563300072719,0.36686430440883244
17,0.9769388479977302,0.08059171549443311,0.4160281620988886,0.5142125690497819,0.09928864950918026
18,0.4133249130086315,0.6643789598250281,0.053479623601347503,0.34286598034705706,0.08586188069347245
19,0.6553459139596375,0.7272664801811846,0.7389463514790345,0.018816171523342695,0.45476130862735076
20,0.6504889007213844,0.12314501165108072,0.5131609669953162,0.9858128838402093,0.9513010985979186
21,0.5339433780038542,0.8033965149260741,0.29304822740224146,0.6356304154141302,0.6669218259504411
22,0.5592096661021239,0.1214334607162485,0.6994731140258793,0.2629167689707641,0.7973750607597659
23,0.14592170914930125,0.7287598081480362,0.419448429123534,0.22340615561677357,0.04973245050771913
24,0.3201617824265133,0.13848884577791531,0.03843341551021995,0.1181423090901591,0.12413445897603526
25,0.7499331258163106,0.6599988248940418,0.24613417397515247,0.7906513778202525,0.11141895698316617
26,0.325002515193737,0.7329042958918643,0.1786143399667205,0.5944812841781241,0.3951413484471721
27,0.938247043431202,0.17409545040861996,0.18167752319832942,0.1355418508116385,0.614572316724119
28,0.23323273413916457,0.483527873358527,0.7724400981800921,0.39202004283845926,0.2656704810096602
29,0.5205180117196762,0.46926611504345883,0.622443289728977,0.014607679525170836,0.08888993639914267
30,0.9545325948547675,0.3480666554432559,0.6078995074861111,0.11838914243009702,0.9943913620953346
31,0.5546456817276869,0.395755596003471,0.9684613088456508,0.37019694120821045,0.720724446492283
32,0.6773788918695905,0.8673334223319693,0.49600896016699303,0.0725120569973079,0.7894183124131412
33,0.3632254409982787,0.8828362512885141,0.5383674381241111,0.27565185751935606,0.9934519243050343
34,0.7008920181631704,0.056027052268946,0.7164993745483094,0.3674574227332049,0.9103123047305414
35,0.801151039803822,0.11503589171065276,0.14645635851923522,0.04452121008504473,0.6762214074796136
36,0.7258529699940744,0.010861010162824702,0.8041977536087075,0.18884856317960097,0.1627670543445806
37,0.7933814087806731,0.3903447951822774,0.46916336369027767,0.03383155154664086,0.08640592211181553
38,0.3318342169700129,0.7429653774307001,0.7335841984488078,0.9277527453946766,0.6853061190234586
39,0.137796454286356,0.35014126100640974,0.10554408370090407,0.2840769286606444,0.5077079413490806
40,0.23815446521889416,0.4869122331608866,0.3393224387197047,0.6695639324549617,0.8950603104735837
41,0.7837275816923801,0.9669097321861833,0.11567090090699617,0.6740473778939444,0.1383269111674812
42,0.009978510942168284,0.5838041033346222,0.46845317554529287,0.19197192503783167,0.44786287358716104
43,0.31720184017375674,0.40972577600143245,0.8311775343897478,0.4485534607499275,0.36783280428380627
44,0.5835742151158311,0.7654936898741056,0.24310528764203487,0.8814514347995547,0.1387110878806459
45,0.4095776767565473,0.33818298302878247,0.08672276096612497,0.07236056942779823,0.11579937102246152
46,0.02473256534077639,0.17161206631629045,0.9474540760598976,0.63985844545787,0.509824767829465
47,0.7415629599221975,0.030247184375443048,0.4148245499588181,0.7564037740855096,0.26109549521123443
48,0.850222130860751,0.43998856731029423,0.6342322265227811,0.3309483172169707,0.5043264551155126
49,0.35227628780114884,0.6415516394107369,0.8553659864609449,0.38763429302349905,0.11397659810014882
50,0.06084594649996067,0.8058949153476701,0.1799011394662453,0.8626729278689821,0.7375798076467972
51,0.8499653160567618,0.4351185585228948,0.5424579658546022,0.06953154677454987,0.3307458530062425
52,0.18576932260502732,0.903387229563054,0.7732291976842709,0.22951192970450096,0.4496070435479492
53,0.5913174873558295,0.24865467349453096,0.45344493739095393,0.3960543132793445,0.5716085435374998
54,0.3436797864464035,0.7340268537920162,0.1899305384279486,0.43763041648251866,0.3952504695154725
55,0.3086703752799532,0.5851498205628923,0.7316249089223358,0.8479021977465625,0.1477235943976275
56,0.18437936829476365,0.4912861725864255,0.3199707050390128,0.7995204396176866,0.8340273651772615
57,0.20980965254961237,0.7670754736692607,0.6876571749640825,0.697654557367049,0.8138827525624645
58,0.4805941613617356,0.09991120161978695,0.7047621142083145,0.9881281759100949,0.8620003047426464
59,0.12955168093616887,0.8320175714299317,0.44140187954607557,0.38997557618831935,0.646469630147594
60,0.015058098532367392,0.031054016689622932,0.5834540153612111,0.24212778528379464,0.2848436527145818
61,0.5743731382642466,0.7061247990224593,0.18453320637718584,0.4877370855050177,0.0866459746289745
62,0.8507424795347117,0.5609930933047587,0.26341155305961006,0.15385643505309332,0.45082398699812654
63,0.15098121504075157,0.7655764624359513,0.6703771213147127,0.9076702962914343,0.5831492137953681
64,0.6831013733936049,0.6900162588375638,0.09213651406449752,0.2770884091554783,0.5736333590449134
65,0.8274807507052944,0.6602539645414368,0.7536753137948013,0.6640915265546973,0.9091864048256312
66,0.009093663814413566,0.8898847417063932,0.46019792993698017,0.7239972743333714,0.050158798441794716
67,0.2068720408750735,0.4128912011477279,0.4049690054833808,0.36085238208597903,0.4877150666448974
68,0.28104442349015923,0.7128310794880913,0.6618121361454664,0.24667870006337955,0.7279975546831416
69,0.2544788273703451,0.33606295346498505,0.5520411059499498,0.539158352663733,0.061029705067675466
70,0.9280741826026242,0.8427000405651436,0.4427257240478464,0.42928334177844296,0.17887779796736292
71,0.1087649133255092,0.616548315788785,0.1471982461471928,0.45434808440284835,0.9237258552837242
72,0.09027965743797217,0.4966651564689052,0.55995994147243,0.9451516805745189,0.4424518167495055
73,0.1561121192360273,0.026388586198757502,0.17767229710408428,0.9971669749033518,0.12161910413109567
74,0.4758316955390469,0.5003685915944327,0.2161703844413576,0.3765252325531192,0.37115634771084316
75,0.466525903956008,0.23951341150270933,0.4708343395634398,0.4258005186959314,0.6421545112366864
76,0.4628878559011228,0.2929260705607152,0.7560089363318948,0.470164533075774,0.494836195082918
77,0.6464818269835175,0.4184573187474169,0.5053415050142134,0.02412163024753533,0.09225346262150658
78,0.07534131924906873,0.4397716622341836,0.24296499772711444,0.16870772924712918,0.669262463679611
79,0.8574416630028603,0.5546212167650929,0.3477598604598303,0.40635256060246094,0.29314862296825916
80,0.8314462797499602,0.801475251304512,0.5208287405864364,0.6895963185579239,0.5993611740970799
81,0.15906191858437646,0.8072643356836514,0.5416305665386356,0.7701651879741811,0.9470857442107732
82,0.2372718497850318,0.5866670741917283,0.2144263329570938,0.6947060025600754,0.1512699911154256
83,0.32720596617386544,0.42211910244166295,0.8547587101205019,0.5054441992740414,0.3343853098470201
84,0.9146870260129542,0.2186048214619286,0.746528796113072,0.6887874931675795,0.13040529902092912
85,0.5678936416490441,0.8544492031149038,0.496854652446563,0.1541862088479572,0.09344267810890594
86,0.8880792010921582,0.6713872630469492,0.26210823209353507,0.34010060180133994,0.9560285980107206
87,0.09168165526279581,0.27203702190400025,0.10456248161661297,0.7505096159520414,0.45027130152839967
88,0.4279100879474742,0.8605441778266931,0.3866931026692664,0.07048162734018737,0.19756997118607778
89,0.029395677397745845,0.32180824505929095,0.7644651409362273,0.4964666130985501,0.8120841095332383
90,0.05854230042373598,0.548544822846903,0.6678316008531895,0.5622744056466246,0.665325433466253
91,0.34826696792890965,0.14234670353198586,0.9179162647421742,0.05533146309626491,0.24075659665464788
92,0.8581214412309863,0.0552547764558079,0.4222826462032009,0.09296983083144073,0.9972733757268916
93,0.13571922286225058,0.9663672761991748,0.9854171037876474,0.5785884777049,0.10067495231850787
94,0.11717008164975751,0.4723215409736141,0.6460569596381501,0.954350253381517,0.14697929204717808
95,0.9380201275784324,0.6511402983488378,0.17454400167574624,0.8459289803719502,0.5672866754789827
96,0.025050659517952933,0.13049053430671598,0.23521006537188194,0.44710636432307405,0.9177764542460737
97,0.2653202622995908,0.8537658503839464,0.3588827231159313,0.2515872227418213,0.7712615934880667
98,0.5924656674651044,0.4992216334142724,0.21554980814035074,0.7042860785795796,0.6048898378148192
99,0.8979412343060743,0.8953009758748262,0.2736701243625561,0.2625874950514496,0.05961906546540363
100,0.749523187535461,0.03168416704464838,0.3221854287691941,0.8587297468829477,0.78114109912768
101,0.48533639202954004,0.2716457424016736,0.6491821824967221,0.07972097076375384,0.3765427304782961
102,0.5032520144243379,0.3072411274114487,0.46062194413935664,0.7273699227247746,0.6516523587316824
103,0.7946677815534445,0.34313360549191574,0.8716728511870109,0.14993127999002476,0.21290183578043853
104,0.3813141343529072,0.9950358867156667,0.6179499418254949,0.6721903303150436,0.263790321067795
105,0.09077045755250224,0.024734615360903267,0.5937306799537541,0.28806829742528217,0.7141853438756973
106,0.3270142180606401,0.7684227092460254,0.9847956098203926,0.5928655493969512,0.29078646976628186
107,0.24284041081096908,0.25574613705954075,0.12417724412796849,0.07230987386816501,0.6371492395751533
108,0.4250258953363376,0.8070949529263891,0.21140291211879192,0.6587679378080061,0.7632544299661339
109,0.46717581929310725,0.7194289901036077,0.25881132419322617,0.2389526121151272,0.9731141227357856
110,0.9031517693423773,0.5680888828832719,0.303210639104346,0.06958990778553809,0.6789792812870912
111,0.24791399486662358,0.4901573930487716,0.5107102117583481,0.1578907523360964,0.8668928428966168
112,0.4465109177181622,0.3966971230670796,0.8990704019437382,0.33074803383408136,0.2677021627634041
113,0.8850454748012325,0.17744325460183719,0.8317389588229964,0.9580775266184982,0.2171372296975307
114,0.27121817206350773,0.7671539849974611,0.5332481329629105,0.10096410883127294,0.4713054214628505
115,0.028066779362249106,0.22599757566550505,0.11126014535154516,0.918207408349737,0.9339288171119585
116,0.8382574349651747,0.9423811866522027,0.0009149970005564168,0.9918767968060579,0.5080308263070856
117,0.815481117963261,0.12150587216682718,0.3812754537986901,0.8269902403879427,0.9802492110732087
118,0.46141309406491726,0.8191675254618074,0.5684527510162837,0.17378751738828413,0.9672640516274297
119,0.7692870836266262,0.738094411808487,0.13286284598024067,0.6447557985628495,0.04211427167814197
120,0.037270495726155706,0.8619846874506658,0.9192588689301426,0.8969089473634031,0.3489713098579216
121,0.69373029379922,0.5735419510142333,0.10753015332872695,0.32506631370444805,0.6036588379189585
122,0.58990831269487,0.9187871328796824,0.8850228222924483,0.9445212443178966,0.1673144227717106
123,0.6280718523692106,0.529498953266886,0.184853911985582,0.13602667482188735,0.3218637151789884
124,0.18038472369534575,0.4148208539634569,0.6231266962453286,0.9564839907181445,0.6111410209289707
125,0.38977769843715826,0.9078707182695697,0.009341067758854349,0.9230552752057114,0.6996218108273679
126,0.2573146893643279,0.5591831356176878,0.6839790454062333,0.8699177580037541,0.9313605254611127
127,0.6861432533311287,0.10395313795688321,0.697609643584487,0.23529961929575283,0.4519634969383364
128,0.8410799487654088,0.3660557092320159,0.8344954361511455,0.8889679746909741,0.26927203682184286
129,0.8628448389443449,0.051450637146148614,0.6058785459904708,0.03263180890262829,0.7070224137330081
130,0.8644708054521839,0.6751212308592006,0.5235761234053631,0.7750593773840481,0.9461110590060327
131,0.3729069540062556,0.5514930371097145,0.042172908491492134,0.003363310371604644,0.11693993255252555
132,0.9329430358892268,0.3609812399569394,0.46712673443913366,0.5789022633354483,0.23640194500314926
133,0.1223194307415778,0.2611108543799634,0.6298716879522466,0.14459091951570013,0.9097352827579007
134,0.7279862436410895,0.1399772636986133,0.06971040787725313,0.9326870734879296,0.24287772607963987
135,0.7786115143253814,0.7766221135434583,0.5356896754608826,0.30060351473092195,0.664884099120536
136,0.49091650895435623,0.3938521336298252,0.5004645135250974,0.22161638766908398,0.7170361811193676
137,0.2880208853296834,0.6005364490397648,0.5067685901369073,0.7155229006905823,0.3398762764151516
138,0.830373988428397,0.47752736562716624,0.850909849649831,0.551322199396679,0.9397817025336405
139,0.8298547845804276,0.6754865729641981,0.035515752011018864,0.8816325147060834,0.1791501192127145
140,0.36406479771779443,0.7416707080745714,0.45038722154468547,0.10714063590557654,0.8647521829500369
141,0.4114391856641909,0.7058086471867508,0.43004260924493376,0.2492292429236237,0.6471662384572352
142,0.6044438839211421,0.866656104165072,0.6964771263473463,0.6547752753805989,0.2665524827437453
143,0.503442455072997,0.5242597248469295,0.4252768110631028,0.6224553238615915,0.3905949585129479
144,0.7030735600953749,0.5283439392758856,0.5515891685872457,0.46557357726486037,0.8413207821407156
145,0.33387009353669683,0.8005645713617152,0.5170984309856784,0.9020869409396941,0.7999734855238366
146,0.3155726430248823,0.80256119802576,0.08182626748609556,0.5791805301442688,0.7930621606554301
147,0.6420259147797299,0.4567052572528558,0.19038401377348846,0.09992769402441926,0.7137358323467093
148,0.15555155791402275,0.6234392392356253,0.33281522236551686,0.5387452862870894,0.868471561988355
149,0.21740460139223283,0.9448645265221663,0.29348882031858237,0.9731872078566401,0.46815813450617205
150,0.06010305316419928,0.4749836966561095,0.5136102339402515,0.7989216578335344,0.45858205232254023
151,0.480528965444744,0.9628208896926601,0.8020589546842919,0.35252504286728437,0.7181080123914155
152,0.23361140128085522,0.6477808429149952,0.10750464937775162,0.34142436363890394,0.822508395826064
153,0.0408369403915384,0.547767226751405,0.6981085515430087,0.7981788631620715,0.9159517432691802
154,0.24773645319840043,0.6525023576516032,0.5653113669690627,0.7405502076552536,0.4477885138759663
155,0.7069376027865706,0.12962063880675168,0.643129625520526,0.5261014102464331,0.9835978015533767
156,0.6271606774087212,0.7294021567686726,0.5972468542012646,0.21886149866068894,0.15380350701743284
157,0.2519877545376499,0.4873204169213565,0.8390500522236458,0.26683722885989336,0.02762488022407039
158,0.11996341251817622,0.0870617379990718,0.38675402432485795,0.5249470896547365,0.20038265259560306
159,0.6878044206303563,0.9727555549240676,0.01743768429010839,0.002079356591103365,0.1453308558726092
160,0.21709495977932092,0.08884511021155372,0.7602528853358662,0.23931989764247652,0.7696883952724082
161,0.4632486891310489,0.09643273102944194,0.7856108506712592,0.8624989048742435,0.936522732939868
162,0.4410782145899983,0.3562301099324975,0.4241191480764305,0.24345442410790474,0.963604058398916
163,0.3955810630374601,0.14735325109858877,0.6383111217236075,0.879059397745151,0.6256741902912334
164,0.16778496929622322,0.45402896656841407,0.9867155998141921,0.6292176715283775,0.39789698319082545
165,0.23090957892945663,0.46918038432654663,0.5423626384358909,0.1970824640449762,0.3157444019778083
166,0.5537980717586165,0.5528917389396689,0.8456276389639096,0.22318490538206537,0.2756553328475362
167,0.7730157579255436,0.4247940071814411,0.7171972472881702,0.765688311720847,0.9294804467444214
168,0.5270673883041902,0.01801800427536915,0.43633965345947434,0.5764155094542454,0.4833237866460699
169,0.43540411617496655,0.5168864936654166,0.40767348524416724,0.3817656875923433,0.7005377337915358
170,0.6856332753165134,0.19541627667729033,0.16480483706654503,0.42401397951582687,0.622301967886708
171,0.8078706305262554,0.8137172858264001,0.6564889206551217,0.9489432433085657,0.24004305573642237
172,0.31470464199440806,0.10011581564925465,0.8156969921487264,0.616970559405091,0.9395954815826297
173,0.11693658039409616,0.05616662277973594,0.6159574977112616,0.1509993024862215,0.10748550028598758
174,0.01847578714197662,0.6562759642636896,0.5037537895032197,0.17697012500536702,0.5505882737051991
175,0.628668810808608,0.16174750431002782,0.0068637457794265,0.439602443628192,0.473183618526273
176,0.7210564819043076,0.899768605257599,0.03596468442600664,0.6062510427107877,0.955233587401834
177,0.8057342475104029,0.9089796661200206,0.6375200966047214,0.9094218564471022,0.3339864757419856
178,0.05124099130298132,0.24347232520424622,0.5898486354084467,0.570182806925774,0.5623678762971378
179,0.8508231568380344,0.3729510290387278,0.6172950034518109,0.9156598729061968,0.1931768081769223
180,0.7273477349025547,0.5577584981476685,0.9658256631687547,0.6638754831953755,0.044245858088244217
181,0.7135855133652822,0.07737552412491155,0.8019696721759484,0.9493754695651715,0.4733665683884508
182,0.8633557388580123,0.5793672563005084,0.056958917991981606,0.16911300149659736,0.7596469053197982
183,0.6158603589633935,0.06065789482817496,0.21428765226904867,0.0023532449790572008,0.693931452355254
184,0.16397317996000993,0.7488152686989589,0.4149242079281332,0.14041895856467346,0.9526617370348462
185,0.877271663217212,0.7822450417705845,0.16054848413684408,0.5613812871716876,0.4702635772554815
186,0.3136091668232177,0.9673372274923976,0.8095274107160391,0.6421235614848887,0.6008865064790477
187,0.4262789348399789,0.42014456036035097,0.9268386447185093,0.03136770373424269,0.00879395135692529
188,0.8685169452841857,0.2578138603153478,0.3603052229381907,0.4438504688263569,0.23798846076790414
189,0.5413663096604447,0.7862843503795589,0.849191426628289,0.8691054287630244,0.34215297166960157
190,0.4606503577239778,0.08880238010766928,0.6092030570433019,0.607733239054507,0.12837515800061283
191,0.7621616395366086,0.8311407053036072,0.939462678077971,0.9637351000112172,0.0671364669388862
192,0.14546758547670124,0.5859066802867513,0.42180009390499473,0.14573470590527238,0.598520944111368
193,0.1184070402269709,0.15306488546265928,0.4596621192278406,0.37990000546720926,0.8328715226630536
194,0.8376503892714154,0.9178579404987328,0.8848160769412557,0.4032450175836816,0.7255884805789405
195,0.39117397953525934,0.26765995933486,0.17322302041512028,0.5325421725208654,0.43174127645249205
196,0.889359902397584,0.5547530470703008,0.24403996880758183,0.7171759007863162,0.6390074808348893
197,0.8039640455989634,0.6731283243408726,0.4900945597590125,0.5506829046808469,0.44219780776653106
198,0.8944486743800932,0.6279061911308258,0.4669457960131469,0.8870570794398791,0.8387132113778988
199,0.8420569191394711,0.5037100663826832,0.9318125667787134,0.050469139298295995,0.4384835962905451
200,0.2882229279330816,0.797042733385569,0.03221775735710852,0.5111090277414051,0.6111447311412127
201,0.8464613925916205,0.508528167636127,0.2546547348228245,0.325951604077343,0.40240531964200255
202,0.2045257083815386,0.4637156728747468,0.38007709279177293,0.4351373908788774,0.7837068607778114
203,0.6045984642029494,0.3460457455317226,0.20737945200051433,0.5178003055963251,0.6388491306187193
204,0.8804666004744239,0.8310058508696283,0.48979523039096706,0.8087145424312591,0.03675598747709696
205,0.13156570637627119,0.8450594017978156,0.167498026300275,0.43098462647504787,0.96808636559617
206,0.32662307139754865,0.28491596543009834,0.1746594654556577,0.6905873156496195,0.7501214099215895
207,0.45178171423542013,0.18565055633604433,0.6972327760679302,0.3789793357531208,0.23882929652659524
208,0.5260272767143294,0.7589100648997477,0.25012238098921,0.7691947410760693,0.34059033845919895
209,0.5711543328220191,0.6947855349248966,0.4628328199442737,0.508270282298357,0.7205759540741823
210,0.037882832233938624,0.35433441982207614,0.9248034978858409,0.29217755696195724,0.10896903731697538
211,0.3992654697155361,0.6459155773357125,0.9611735275169075,0.965187593215737,0.7085994824961741
212,0.7911513594564956,0.3202098677789068,0.48346369828483493,0.7567189906315421,0.6931693755960713
213,0.32552448894103403,0.9363326828776519,0.7552313158964886,0.6889187818701904,0.11751887605542288
214,0.979455022400264,0.7399883504594531,0.6044682615681105,0.6008264943300142,0.9946136426173584
215,0.03602866933937465,0.02868436982120992,0.48372495884999367,0.7435034706172575,0.027291126609016336
216,0.10882627868144468,0.46931097025195945,0.5412301436136204,0.8606707604884929,0.8463045172291338
217,0.6269126586147041,0.5043972101783161,0.5890820726194677,0.7390523907683598,0.6195140491544516
218,0.8847624990292078,0.6471530316410344,0.5290682791328692,0.8142528874105716,0.28270353872905174
219,0.9137788142596539,0.7229808240701805,0.8652021573979587,0.29278261157087493,0.3414224323154781
220,0.4645974912267933,0.3194558793456753,0.09926489292959173,0.7148412007713921,0.28293114696847144
221,0.02760631469136654,0.5374758632449872,0.9219696192683842,0.533366570015312,0.1195104712612951
222,0.1338860230049126,0.13923399190154162,0.5002535525028464,0.06268526825838838,0.10085775249265572
223,0.8533906922740531,0.02486300851836254,0.4237505131092302,0.9647258722249598,0.9986014024662188
224,0.5449907735132228,0.44064071378474867,0.7019175775032676,0.8589627354639244,0.5188792879991546
225,0.2496246574844465,0.48051400349617535,0.18756038310863887,0.4289808397656656,0.5099065881394182
226,0.4098264241189017,0.0046021909220654855,0.2074507032408054,0.6880954375887247,0.9772069903051335
227,0.23213575027383937,0.9101158592139892,0.09400009412889965,0.8381826870138235,0.6304104404229685
228,0.0863351571444495,0.8809413644161047,0.04726169274384118,0.21455263289733373,0.45615322694667193
229,0.43715301118415995,0.024710012647321755,0.7459751897164555,0.5354100685158082,0.5215913573857431
230,0.0775339533724233,0.8873413763793793,0.90013305496476,0.14011805897044016,0.47101495079490796
231,0.39843608388980556,0.8207783304741323,0.37903001839581907,0.7039385968842612,0.6180583852919376
232,0.6367707463159361,0.8145448407216468,0.06601067093034663,0.7978349845274235,0.9777484053620108
233,0.5655172160205434,0.22874991767876462,0.8766674021401898,0.48738769276261096,0.06584004837600477
234,0.53941006367385,0.31307068301103325,0.7895987810791778,0.23172731827630122,0.5488713908621436
235,0.18043321487632114,0.20541366736651712,0.857494123140203,0.2603001472155251,0.08147752333132474
236,0.16109434920966503,0.46962405394080853,0.8004033991681127,0.7800567645562881,0.5527346837382804
237,0.7866061514457359,0.8798980879476104,0.26591928491701844,0.2623608490932815,0.8202936633441907
238,0.30351859561910577,0.5683364956522059,0.11255252789570225,0.60037406272491,0.9024748922937118
239,0.03163672750401525,0.18827440661180883,0.8293343372166709,0.8220086128490165,0.9723187416615044
240,0.5203021075797087,0.02054117063236116,0.47705846704007404,0.9798888884374874,0.06288032215299733
241,0.5437360879771661,0.5083128257569365,0.4706609359089612,0.04415812969081401,0.9744302342065032
242,0.07975315696517615,0.8801700318439996,0.9855146850536106,0.24953140314847788,0.23482327781801715
243,0.5783161887333503,0.9066434436800205,0.02056614432878545,0.3086806033347361,0.9530336398446819
244,0.20908385723987166,0.6905112867991734,0.8928849940002163,0.42780990526255847,0.08734713835362728
245,0.09144536666421366,0.20845089249871085,0.6064727427876754,0.24655160957725275,0.8960910973375723
246,0.5606322965050016,0.7963725879104421,0.6664221774606851,0.1688124010228309,0.020998155177760935
247,0.8350153456241001,0.45588858819363964,0.9114948868057131,0.5476225856537591,0.047724173251523894
248,0.3514106635156993,0.8174510266587671,0.3319573019988892,0.44130371920828837,0.8571899322119412
249,0.5182727673055083,0.9727601823608775,0.623328549224825,0.20414619022690383,0.8815470081372491
250,0.10463425286783412,0.17363424838606067,0.720874011819394,0.6732905755730128,0.5208576713801913
251,0.7481716073570077,0.25766512171720635,0.891774886595551,0.33640023759285054,0.522024257337566
252,0.8191859484142298,0.751221355708623,0.33036820958461743,0.5563389603898521,0.9378084491748433
253,0.4373176216076624,0.846989776124098,0.19053075103314898,0.6103391596348697,0.862157575851684
254,0.32142238452063077,0.36006702314444106,0.21682547292124255,0.1173890470627752,0.19502019152910566
255,0.6007388907755591,0.18994219937421986,0.3654390791951504,0.5255650210146947,0.34333630595688847
256,0.18476142743610113,0.46379729062713526,0.19182817247503126,0.5408668408463885,0.5094786603124843
257,0.9343372069050875,0.6766506621930838,0.3346355725277823,0.6396289438518741,0.9682425799653666
258,0.9793778828510097,0.047664808226713706,0.10827022188645086,0.9011458784369534,0.2583435634030937
259,0.2872948832766825,0.2069595595581848,0.15922849801947747,0.13906555876269822,0.1815560173001084
260,0.732971108879797,0.36612373292385136,0.6513168891688487,0.6747857933949023,0.07744851691956611
261,0.08951696019047395,0.31313662530500797,0.5238508924753508,0.744667816932023,0.7137737277083712
262,0.5182664683808856,0.5097658375584267,0.16659360868731599,0.06399973604639497,0.3590463351034877
263,0.7939264343194105,0.31761206610195203,0.45758445958832605,0.3613226018855258,0.9198255161404915
264,0.8100711337525114,0.4878258236326434,0.762264585474306,0.5211198188104091,0.12181663115128616
265,0.373056922219417,0.7221212481102083,0.9876885752758506,0.7301622968304637,0.7550265774787371
266,0.915307503211873,0.20380601696959932,0.3597116354698333,0.507990648705613,0.03060172751918766
267,0.5835903048938487,0.4002938432834975,0.2240326314518435,0.22650018418999185,0.34728744889686747
268,0.36245433414002104,0.2578132230112785,0.4249189117677774,0.14815556388708095,0.5900602884721627
269,0.8954617064447651,0.3155480846589763,0.8777266839896721,0.09993209477667375,0.047367238520740984
270,0.9519085238884175,0.5359589986467427,0.5111815353827373,0.1582053965885919,0.0035991247384316027
271,0.7515327160373726,0.9684139574232256,0.9908067441394157,0.6613444152158979,0.10103765994119762
272,0.6758055508864298,0.4268604497628502,0.13918139262187768,0.48834218728505263,0.19736114155283235
273,0.15268084974569507,0.7722071065547943,0.3821007921580135,0.1578256852966804,0.7810337571013777
274,0.8460970255733499,0.47622856075128384,0.43906918245422166,0.5292236463003719,0.7394910340434133
275,0.3874085812588829,0.09750683991162523,0.4866277996869002,0.504859358759325,0.6562616238098332
276,0.017469421412866226,0.9095241877858043,0.8118462778211318,0.6849890851615864,0.4697704439549817
277,0.6502122139571213,0.9335697812531742,0.9208572522253724,0.05712809565222143,0.4541667756923615
278,0.3875520573037776,0.8511537124984535,0.15608575419149873,0.7859275446446755,0.9037934361152988
279,0.9850923604874966,0.743032871207789,0.364363332636105,0.30969034749904034,0.6373874329331553
280,0.26697848267220625,0.5939597840880596,0.6748150574181007,0.865645034110296,0.17669689430518365
281,0.05219390656098066,0.8021411258851281,0.5634637688455967,0.5403016779194805,0.8515422165094371
282,0.3540588062011839,0.3901277213351817,0.24940445258532118,0.7627370760138104,0.9703950501807909
283,0.29070054937989664,0.6109882945332041,0.5576906410414733,0.2550553274847386,0.5327334771649426
284,0.059838336595767094,0.6850030062865556,0.7741954248928891,0.09333661787796488,0.963591204548931
285,0.7494170246262466,0.8400109492035809,0.7277069195041068,0.5962238267984141,0.5416886814937747
286,0.15717126970668993,0.4829643855950333,0.19513863793414687,0.6574051289869264,0.3414018387063722
287,0.5216615876240062,0.18375220109896784,0.37879241448311696,0.47486276550423845,0.07333660106296291
288,0.5851159713356885,0.06125206907765968,0.8249970541743263,0.840262406885372,0.6665063712441103
289,0.12811188076885238,0.04277391045384138,0.5647356102750637,0.5101758465699038,0.06512749400840534
290,0.8416219578588813,0.5309252028283533,0.7163618874278515,0.9681987604036845,0.6360900297899498
291,0.12657207888587396,0.6847496992103699,0.8797690566284769,0.08944172429911823,0.891421671343036
292,0.34488033230065374,0.020559627910436973,0.39548798257631,0.0582144370514025,0.5981234078177435
293,0.23145276989502217,0.15091831804936562,0.2517786279470592,0.8730599634197211,0.7727768463763098
294,0.732730353900793,0.8911112604180954,0.23461452562166207,0.5748052253658391,0.36787746085078565
295,0.11983494351701307,0.37366010379710113,0.2734185566183547,0.16333724126813576,0.23586556332060937
296,0.8383199893273693,0.0075492711836715465,0.6880873200554465,0.3673487694667048,0.49639050578589017
297,0.47972304527498566,0.7253846371233633,0.7599484320437244,0.13177142229547123,0.08444194741320576
298,0.8201139572269133,0.9048884019747562,0.500158756789859,0.5453331434009702,0.9083840656727642
299,0.3596918027710929,0.1312762122943919,0.020166582752115247,0.4217812446290631,0.48898345609432137
300,0.2514611519226789,0.11246752005770733,0.31446645643266435,0.4127402671400783,0.6730996984095412
301,0.8505450533043492,0.303546062720098,0.28200634098579,0.4688926717651283,0.16292704516399314
302,0.9001633314150731,0.8886531966732242,0.29585691069759057,0.4125724568363095,0.43611881714015766
303,0.7365407154584038,0.886070539040175,0.9419485229921573,0.06840501491376494,0.28745955853705574
304,0.9968261570463511,0.5149048900711485,0.6194996349888864,0.43346792468952533,0.654163923144382
305,0.4129110500069826,0.0611473818578393,0.9215182340978779,0.5499050874582025,0.253847217685753
306,0.5876271021805469,0.05250406197511748,0.907716199886775,0.5070718351518091,0.5193104238191834
307,0.1405504639425672,0.40595097487610454,0.9455009764047501,0.7283565243826831,0.09213135785453719
308,0.6686649065537864,0.13262155880497195,0.9366244781875357,0.17046546048434508,0.5741372192501542
309,0.5107346618891849,0.38224850841581626,0.42089112181456634,0.5134193991601337,0.6344577956320228
310,0.918994645221007,0.6755312487383077,0.45580591815657756,0.09512235104653266,0.7916983698421697
311,0.5314699096259777,0.7995256967376276,0.20473912518209325,0.6961996298665656,0.05860336262721488
312,0.48408531054120074,0.9707953207620016,0.5561208970135235,0.010714918873496071,0.4085791217639885
313,0.0010660687350744213,0.7297962477704953,0.5525989339117495,0.8434260414487095,0.8861189487202893
314,0.088409047030508,0.7511944788286861,0.2684602290527246,0.08680774793538637,0.5873773619372337
315,0.41382251872784404,0.46468501038558585,0.5960703134029143,0.9100190123342912,0.14778251350096094
316,0.06612868286974005,0.16512802722166964,0.4779418919294439,0.9722932114858905,0.3143016622038418
317,0.5583612260281162,0.806764069496413,0.7814668614951557,0.432659378628773,0.35564728277388724
318,0.30219540033595516,0.1390621074306747,0.7089724579054922,0.8534169040585994,0.7046058960787841
319,0.5929831508547819,0.5487978778056952,0.9062478774853021,0.2541189965242395,0.7139799041619279
320,0.16057362071578574,0.1681673232507903,0.09272568650526991,0.32072402987455506,0.6306116257692944
321,0.9522880583822912,0.5900337202402881,0.45807689956556064,0.9779001031295559,0.44415344567475423
322,0.7438931351880184,0.5013112226464309,0.7109929134050257,0.7557113756938892,0.3245959773048338
323,0.4608925631148144,0.40261869814423834,0.37111209214705565,0.5663359524762415,0.6701252314322629
324,0.7862360816398968,0.499657337350248,0.30367223181255765,0.26927534198355185,0.07909579218876717
325,0.9446738515548546,0.09899090115081155,0.22128823502466421,0.8318221806206555,0.900735597019235
326,0.9833258716172382,0.3061139022098629,0.9932079570836424,0.4072844733977118,0.5273508804402741
327,0.2508351708239589,0.43223298247201525,0.16262163794963191,0.5825024137778468,0.6042945118371643
328,0.8158730493657566,0.817252605928262,0.9139568674790713,0.44843787810119473,0.8691547213904699
329,0.4728679583695572,0.601628343497496,0.6304825756110664,0.17644877113328838,0.3052507477430545
330,0.5058521166418602,0.7553090984672639,0.9589718515603373,0.08508283445625187,0.8702405379082687
331,0.036910966083028685,0.5870134911319026,0.243549380792905,0.3588103202453079,0.827179941169495
332,0.10287062502843292,0.8672648362899573,0.11438495017184758,0.3871472111058234,0.9800009575247587
333,0.5292995265017265,0.1180095211834945,0.5492060318670333,0.9884959287311564,0.8228454839963161
