,X1,X2
0,4.645332791210403,6.82229407015763
1,4.784032286781865,6.422882572214785
2,-5.851786389650407,5.77433058458195
3,-7.45959154230037,6.4564147597030495
4,4.918910996197821,6.961479380756219
5,-6.010190064022316,5.091338896303091
6,1.0668644319784546,-8.146954778032796
7,6.516788772676654,6.6498634642816725
8,5.133779867622194,5.525236641637666
9,-6.809855082113874,4.935898655254444
10,6.358692580293818,6.532479722764113
11,3.308258790397095,6.196066140232427
12,12.0,-5.193445725578592
13,1.0177284106191298,-6.289135715608035
14,5.285472813310049,7.8940734605406915
15,5.474933725349008,4.547031524086988
16,-0.1283080622497536,-5.84634372199201
17,-1.2501049726951448,-8.244053076999919
18,-5.9164492197996985,5.638097034947026
19,1.6810923511841902,-5.835417047692694
20,-6.869463884969951,6.467694304751397
21,-0.0722918284079133,-5.913152967811531
22,6.270851773044532,7.854168299709267
23,-7.281449438757617,5.924844692961817
24,5.434025984649467,6.9035891879587545
25,-5.882848626081584,6.307262839096202
26,4.870516195746205,6.8439229162817865
27,-0.1508412589569969,-7.437773135493404
28,-7.496651172060861,6.7579936606673465
29,-0.1052321872749604,-5.730257985334733
30,7.5092742542928175,7.027059621157575
31,6.066435608261876,6.361777348532644
32,-7.527564259088765,7.546882001170849
33,4.752749163104111,7.70071872771512
34,1.6465462498920396,-6.542354749205876
35,5.328508913985134,8.380690474807256
36,0.7536315500997504,-7.940433064274179
37,3.375650241106982,8.520955973172887
38,1.813509309918582,-7.16283707049921
39,0.0578298196724593,-6.04116220666211
40,-0.0970964895892769,-6.045547848812879
41,5.564822949231458,8.452330722160234
42,-8.487946416008882,4.8831324701426615
43,5.374719421854033,7.652943585926404
44,-6.793107931260651,7.30132560839136
45,-7.675633361501944,6.161664355073154
46,-7.323622105788738,6.925439362282499
47,6.01032415367262,6.371061476410023
48,5.134363534285814,6.365864824876318
49,1.034569825848746,-2.926036098652012
50,3.942593288704292,7.642078788607168
51,5.364948113891853,6.411930209336137
52,-6.252136116311563,5.7890064713328115
53,3.7558102177771007,7.516496051814165
54,2.389334247087495,-5.166572867880519
55,-6.4448197261731845,5.731123968107409
56,-7.9327671303210705,3.9767741268731154
57,4.698233251383314,7.849056955809999
58,-7.132218826260879,5.358055159977326
59,2.007344061551333,-6.779946214217011
60,1.3825706604302008,-6.538129803093037
61,3.642181120718325,6.950949822197712
62,4.612921910864369,8.458144604099791
63,4.571100632585599,8.278745013891395
64,-1.5507690046980964,-6.798151617478519
65,-5.736598068220722,5.973036045663521
66,-7.143487667502318,5.422044400510236
67,-1.038191143328095,-5.063451284918664
68,4.969816997357595,5.920684251589799
69,2.2478094893341325,-7.020602356183506
70,6.921836281401079,5.738739228049526
71,1.060708952061625,-6.904082246141067
72,6.558535427420047,7.294644897567565
73,4.596194181364002,8.18416045230896
74,0.9626557493526772,-7.887399754573752
75,5.0116085349269754,6.147043836727893
76,4.914864698893812,6.43676820504097
77,-8.508647375182752,6.806309308499576
78,4.1967377012183,7.149766552226059
79,3.92897611153528,7.068323112137893
80,-7.721815706249969,5.873206388399139
81,-6.333418684627759,5.990163933961904
82,-8.044695630604016,6.1652413028494095
83,1.2539202475763085,-7.815477742972508
84,0.968873543918178,-6.356416564724217
85,5.311932690734546,9.013033297129518
86,5.092346351243111,5.770171925488236
87,-7.262719355058956,5.621201502774993
88,0.5604548735143119,-6.247519203836032
89,-0.2077054531312361,-7.209756117360141
90,-6.646921506843569,3.741272248252512
91,0.9659245336922866,-7.071739625644394
92,4.756324477759841,5.956245259931834
93,-6.0766802738277566,5.914559257720261
94,-6.3950077205675155,6.113319782536348
95,-5.797197539982416,5.09060930016042
96,-7.699268054655948,5.9300336422356565
97,4.9727178907011265,5.701933110743372
98,-7.6634059860992,7.423346157305215
99,0.6829941986818179,-5.988026701005939
100,0.4696207692644577,-9.498748445393208
101,4.8745398823832815,7.59318716980189
102,1.85145559609887,-7.454126914437253
103,-7.353317655514247,7.155580681685799
104,7.577412050277367,7.911545683769205
105,0.8279433256866601,-6.245603466130796
106,-6.263743359180174,6.528933967987069
107,5.181822838989588,8.441347865300623
108,-0.0320732889717713,-7.131383204796052
109,-7.569206630802775,5.724922451766939
110,1.4663494481982426,-7.584221609954383
111,0.5278163629627316,-5.293116707410255
112,-0.0106121715686654,-7.166145107126136
113,4.800614130402443,7.541878354406077
114,-5.0369006843378905,4.900722255418886
115,-0.7514444153813815,-7.736917001457644
116,3.9073868984540026,8.567336768371074
117,-7.458821020630641,7.095463432913366
118,5.133343496431947,6.409495257317049
119,5.902653473219365,8.177298736802147
120,4.957273949832864,8.504721220881974
121,0.0252415354900895,-6.116309461221515
122,-6.401566018602096,5.054644010995719
123,-8.60150352263222,6.189179602547455
124,-7.756612315913545,5.434382104372121
125,-1.05312891757269,-7.332351769693695
126,-0.34748845457453,-6.834266784254609
127,4.82779330634567,5.296364121872559
128,-9.672281012978829,5.064607745664233
129,6.056285027471841,7.059609863169716
130,-6.731955445536256,2.993801889670804
131,-8.013876668309317,6.20253509799813
132,1.0819511567207498,-7.106777940701145
133,-6.794163200911729,6.413375528381607
134,-7.0257615628213275,3.5759134269061654
135,-7.647757107340966,5.022901085454963
136,1.9035598948283965,-6.96182807022826
137,-5.434788711909875,4.519990877812721
138,5.060299731170001,6.9985861696424685
139,5.01803222132183,6.891587293302917
140,0.5408770496279477,-5.2381578050234
141,2.3960740995205523,-7.395711349149484
142,1.2983127580715723,-5.363232346154829
143,1.7523088970892868,-8.034016584924206
144,3.5654648134426696,7.075352269765519
145,-6.523433001536311,6.155201104136355
146,0.2359917642678803,-6.268505776048197
147,5.220484167012713,6.366106221570286
148,-7.996314798761609,6.666186523649875
149,2.6773861465046265,8.37226887980741
150,-6.975981826515354,5.342456021664275
151,-8.674995020516183,5.356122573646994
152,6.381810288944824,7.241476443023768
153,-7.674274705362034,5.395565541718425
154,4.426791441143489,9.355884919512492
155,0.0587579526310112,-5.552898061377416
156,6.186691200242433,7.0383271103076
157,-8.617863162334526,5.5167093634121755
158,1.904122159472744,-6.293167896626392
159,-5.647270102995117,6.473935349007025
160,-8.711821285248908,6.422011991627977
161,-5.513437349047811,6.072944328802457
162,-7.052770483102226,5.019630349204635
163,-0.2686703367036214,-5.971809294510356
164,-6.329939447738606,4.974400279726099
165,5.582547040429998,6.441723474798195
166,4.7947452437966795,6.907073092544255
167,6.025570012535119,5.327507793456343
168,-6.048487341085361,5.0536961825867195
169,0.9415797098720836,-6.861631909909575
170,1.6759056954752345,-7.709209591180436
171,2.853254940341391,-7.994611810131067
172,4.4143345649993755,5.955105711636903
173,5.7392938891032435,4.788646730535941
174,7.388646090458887,5.937196855216398
175,-5.945872866159915,6.077366448720309
176,6.548799480031339,7.0307492721035905
177,0.3000692532598683,-7.394230844973901
178,-6.84164979232384,6.157690008208223
179,-7.433410829281528,6.098890031167968
180,2.091825787228541,-5.034639250972406
181,0.5968274847623835,-5.250626857411229
182,-6.214543264155299,5.736954200865265
183,4.49022176094245,6.444717073339336
184,-7.747660455588257,4.839471974870782
185,6.208515831201622,7.482819618904948
186,-6.65481189661258,5.980012313435559
187,-7.206970502552106,5.695207205119449
188,-8.166181393128378,7.387376168415316
189,7.115574368409764,6.877306026911359
190,-0.7774576530647519,-6.58989283116261
191,5.389676367069972,6.783326604752089
192,-7.313677082252675,5.210355129488059
193,-7.69592323590006,6.534986175097266
194,-6.079687395917682,5.876032991941505
195,6.675708015981238,6.946102493785519
196,5.6051197092713085,4.937202744994224
197,-6.2651767429898735,6.061281419175506
198,-6.993386412099487,6.204581057647464
199,0.4447786079024092,-8.127893738644884
200,0.9464735835244956,-5.869542012060676
201,5.632031598354794,7.458159660211327
202,7.2307523791668,6.991338410871585
203,5.252465032895619,6.6794525842304875
204,-0.0916781214963183,-7.790417447304991
205,5.318660055988085,5.887227776096243
206,6.850537700240716,6.570626524180714
207,-0.1063658731608618,-6.403334804789247
208,6.43757363722017,8.399431450214761
209,-6.219743007594292,5.6976883419473845
210,3.764303866644254,7.548279100254444
211,1.149280675045986,-5.636897251955072
212,-1.1032448096473186,-7.66426552143001
213,3.83275017791406,7.511071591130821
214,-7.533224785109355,3.7632946698672383
215,3.4581243442551077,7.167710075883641
216,1.460301681185832,-5.85321329571732
217,-8.098789636999497,5.589402673439913
218,1.7388666435502609,-5.144617081446459
219,-6.875159790562896,5.290299762545155
220,2.0624255939602634,-6.128409595472514
221,-0.0722518710394123,-7.12237984823119
222,1.1257466379056629,-5.812427527061716
223,6.354571820397563,6.4704177889390655
224,0.7048020410138446,-8.69042299611875
225,-6.145540483584635,5.393676948883441
226,-7.28106760585948,4.28030119253952
227,3.8194662961210986,8.1117049780088
228,4.406287214255866,7.341765492665542
229,6.016548389432068,7.177822768760923
230,-6.6932972896235094,5.607853283033857
231,-1.3811198331363,-8.961191862018074
232,4.000822556149627,7.526210035400268
233,-4.669579697668848,5.712754419332269
234,7.085929203689059,8.473659427203735
235,-7.152013487726043,5.925183270775983
236,0.9814503584624495,-9.040127701164208
237,4.6483982385225255,6.6267787932083095
238,0.921181316145103,-5.973187121610023
239,-7.43537099523544,7.760174485398448
240,-6.486251313396962,5.712767239981705
241,5.47203936119279,6.842789919476136
242,7.146775266598872,6.1692804272558455
243,4.918143874252226,8.312724767712597
244,5.387181744257468,7.245727922445252
245,-6.80599780216902,8.31017992668157
246,5.478536509997839,6.593569444860179
247,-6.645113488427077,4.696775403134683
248,5.671847213595298,6.67066243271285
249,-1.1756435334208246,-5.88422292175801
250,5.423817614500985,7.270725930236443
251,0.4568811817449494,-6.053285457058001
252,3.429339221744919,-8.013190939165726
253,4.398931603235289,7.0446539524546825
254,-0.527893015606894,-6.207130008797691
255,-0.079556968549199,-7.640141001624517
256,-9.86435262484581,5.935724524020769
257,4.936757711302376,8.170331138462394
258,-0.6639150365664441,-8.763935455807138
259,5.141030198285157,9.49026542236623
260,5.5519005643518895,7.229300579786139
261,0.5308141686718553,-7.496714358350466
262,-6.736959345140863,5.572616969022418
263,-6.6422572493046745,4.558228535646983
264,-7.480558856666406,5.587454030686777
265,5.955569466530865,5.968066828387773
266,0.2860819024316685,-6.5115859500212485
267,4.790008166940393,8.797489979374618
268,-6.708590197357829,6.019438202756715
269,1.1552687360300975,-6.3881500258072785
270,-9.523112297275189,4.511251438017341
271,-5.796289984992723,5.63575253677722
272,-6.890920142448301,5.90851355405094
273,5.944850808310289,8.275296942059194
274,5.536306531534561,5.917558867825729
275,0.3838542144244177,-7.092651433266778
276,0.3396447444418933,-6.818285099452223
277,-7.256667492644635,4.518517045202636
278,-0.4551753796258238,-5.591939579490059
279,-7.2362434661245185,5.7004491272972135
280,4.98884816547131,6.891457332748617
281,-0.5437180568943067,-5.564928744589977
282,-6.533242763754077,7.303136148509303
283,5.200249326250921,5.796887587070443
284,6.767398187307716,7.091445122391053
285,0.740088356595266,-7.651104940409372
286,0.0266245249073611,-7.478194807398405
287,-0.4437776095513726,-7.184905185705214
288,1.4864098115468385,-6.287646428224939
289,5.507654635047958,7.476174399185828
290,0.2052325680903324,-6.860950428255596
291,-7.135637791026621,7.397602963320029
292,4.747619241780827,6.050281367347857
293,-1.3005962920145178,-8.211921265636374
294,4.822482049033266,6.5466952419603395
295,-6.107151941335121,6.6758236822133
296,6.3821144593088155,7.160499029798452
297,-0.5549354821733756,-7.570419952311215
298,-1.220223116921425,-6.572126042030768
299,1.9337870006644184,-6.903693831547632
300,-8.244843236448569,6.163786645156995
301,1.440406290439566,-8.290995466799016
302,2.089181336688207,-5.80217403816983
303,-7.728376190940692,6.331344790209854
304,5.065029211970716,6.3603168825028815
305,-7.7663398157615235,5.3860771860996115
306,-7.816796830951819,4.660591042721162
307,0.8750509985099626,-6.413188037720704
308,0.3859475122164273,-6.663256072241982
309,0.9409448934022112,-6.529640381707626
310,-7.344189227938379,4.676142146443594
311,4.33653892654207,7.322549375389962
312,-0.719411849745923,-3.6610117562293385
313,3.9205788959101,4.885121924219345
314,4.330859985836508,7.971650803284115
315,0.3392103625128632,-7.367054995922977
316,1.9443753017619343,-6.186436724250406
317,0.0432844628935599,-7.905424195655423
318,-7.609123911307839,4.688214300932188
319,0.284903322968781,-5.931718615659582
320,5.546069945047716,7.090803070467055
321,1.0040876747823375,-5.908108440087771
322,-7.065439796160775,6.391544821398473
323,-7.825346562923,6.708330526102931
324,0.2229156601264018,-7.494893737969794
325,6.279745280985843,4.157860457689317
326,-7.815332300323304,6.059078157108387
327,4.227579837609495,8.264038491804369
328,1.1283015130009573,-7.724465993397448
329,0.5543241591507333,-5.800561862144274
330,1.3260107643797918,-7.282306179708208
331,1.8590257657037468,-5.7072043229384555
332,6.335549976596272,7.844254758405872
333,-7.534092031066379,6.821586540901281
334,1.3026003425911337,-4.369376072274919
335,0.6588697145612735,-5.626515324692509
336,0.8048536636750374,-8.03182844442464
337,-6.96267151565047,4.666670953326631
338,6.5568267083943965,5.2061208065753455
339,-7.143651092633546,4.575087275955701
340,6.315767902759738,6.397052253415605
341,-6.740823472170087,5.327264937247506
342,-0.9247759184768152,-6.456993691062843
343,-7.032109463082599,4.772420472676954
344,-6.767267726985148,7.1286005652874085
345,0.4623289120062995,-6.176713973786168
346,1.6442690200407113,-6.130282559643129
347,2.212084816101812,-6.413589088433964
348,-7.326866765393608,7.825930557670441
349,6.026064687735984,8.242832395521635
350,6.75323552119447,7.563681835850393
351,4.373402715220593,7.888489378851033
352,4.003064177045608,8.187603057152256
353,-6.401323528344596,6.511432182571818
354,0.4296204786150471,-7.852441854288901
355,5.901769892355837,9.217303917447214
356,0.2128711983409729,-6.83344256286819
357,0.3748701226736242,-6.684982374085608
358,1.3072817498344365,-5.74436717583152
359,-8.390861603717438,5.417733532159599
360,-7.776239862742356,6.147021092496
361,3.966087649718076,8.070860905664865
362,-6.3143570154472695,5.54256971053029
363,-7.926227420123813,6.150355608471763
364,2.4532118934681373,9.094458006723958
365,-6.534479882196633,6.132452514194949
366,-6.933881762742831,4.259993351378211
367,-0.2590592335581685,-7.092497812567817
368,-8.603750986483195,5.395202774604367
369,6.142166014559871,6.032428285054931
370,-7.373994202094645,6.033788265229904
371,4.913576728929664,7.230582284444547
372,5.12952795883084,5.8743769104004375
373,6.0161880017355145,8.564688671318116
374,2.043589263361517,-7.061829462142351
375,-5.931075639944877,6.168909136960454
376,4.683586160028745,7.174541975802717
377,5.2986982487061915,8.185208797601085
378,-7.129858775733389,6.6985068625419695
379,3.2524574890999087,7.2644497292463726
380,-0.6600142505053439,-5.427516593279359
381,4.70362719665634,8.096399838428164
382,0.8962114336612395,-6.665820443478309
383,4.628107480114291,7.85727379895315
384,7.008191889977507,7.924573321281175
385,5.408166980312913,7.312845145348764
386,0.3539490543867023,-6.810643544798432
387,-7.160738816460888,5.4470030737292685
388,5.488067245614175,8.142999570128021
389,5.725256247155395,5.688823127505687
390,0.7447180072456504,-5.023891253261864
391,0.8024610408274023,-6.0565362177160225
392,6.652661006041562,7.789889982487081
393,5.0581877056125215,7.825199736122095
394,-0.235473302181876,-5.276681063461126
395,1.3418558500286226,-4.776676855165577
396,-1.5524742245987562,-6.99269914025891
397,-0.1962791237677769,-6.242398398318033
398,4.038367849658198,6.91598968923558
399,0.8856239248978814,-6.560872114724235
400,2.13996836366356,-6.6956945160405095
401,-5.354586222295085,4.916963332508413
402,1.969596624135012,-6.032645108281473
403,3.95025036331328,8.392042682604478
404,1.66384419787112,-7.8048009087784
405,-5.589180002394713,4.951628966131963
406,-5.798673561888319,6.26174867233471
407,-1.066088862256252,-5.486921858825884
408,1.0054468924235502,-4.775528781723543
409,4.102820224722176,7.209259898075676
410,6.646405642331848,5.42427756652335
411,5.9634733977613,7.758436405163479
412,1.6609108522848108,-7.027427629038926
413,-0.6721797624352976,-4.7671433057559165
414,1.5395347482221322,-7.380704773926009
415,-8.086072174258518,3.3960810019106957
416,6.348924600663706,7.863407139886994
417,-8.637527071592258,5.891504932618934
418,6.021263443270846,7.163024547900971
419,-7.098977902354548,5.259312130486704
420,5.552775496692384,6.684965850105543
421,4.064916522155613,7.894151738087225
422,0.1002868526547573,-5.595729787494062
423,6.557217115684788,7.919145198843104
424,0.8768701445164596,-6.140667054866248
425,-6.200550515787803,4.530172572356049
426,1.0184802500362125,-5.245582244362783
427,4.758756511246177,6.628725873897322
428,-5.88888767693644,5.4142285220101805
429,7.023287882751206,7.182540305065542
430,-7.841338778342106,2.976862577330538
431,1.3591307554345269,-5.576173504088332
432,5.754381157313204,8.523760136003425
433,1.6934500768014429,-7.746253825078386
434,-7.466402932971628,4.913089138912067
435,-7.56031134558922,5.265259111738876
436,4.8654969234585055,8.414837960365638
437,-1.5569399841183729,-8.42398134737256
438,5.953160952752972,8.050222215065142
439,1.9620493887739912,-7.325777270086901
440,4.001795921315158,7.524223638055773
441,1.1386681468745934,-7.109943229015999
442,-0.4907244121458269,-6.674638334406785
443,-6.6868147458255685,4.815124840709855
444,-7.520588650796608,5.217005546077753
445,5.10403911912297,7.575016015684839
446,5.353050776726078,6.6135634873724
447,0.5486060733948024,-6.472687950242424
448,1.3667747959766905,-7.598657747460916
449,3.955639009625492,7.270721197744329
450,4.109730434895281,8.564943937522207
451,5.2640167542525536,5.508241297515276
452,1.9194324968992151,-6.4414209299471565
453,6.659167171707686,7.420943618676043
454,7.442810052663228,6.878000740220576
455,4.499387410885366,8.346379850813118
456,1.3702302149400438,-6.792244630979343
457,5.152465512237066,6.509889300061904
458,5.990210870857538,8.861006544516863
459,-7.202759326164799,6.161846994788437
460,6.373073433021493,7.273386046745699
461,5.201483392542498,7.988926506303107
462,2.220839432934992,-6.87440326963475
463,5.70842978003486,6.711063614645637
464,6.14882802446774,5.753218740859365
465,1.427242822592116,-4.806475651973572
466,0.9388798788610953,-5.7235849246919495
467,4.6787511979529866,6.933956464598212
468,-6.578480279826406,6.410807888444455
469,6.136998587944663,6.67947268545865
470,-7.869404803910088,3.3397577493109107
471,-6.319542244155136,4.624089212399213
472,-5.987704104980321,7.641566446431359
473,5.4826971414658106,7.529518926464228
474,5.6381804078096405,7.734185836606706
475,1.591237315231396,-5.273941311230526
476,-1.273580140311116,-7.29929123373447
477,4.774453502766954,6.431004373249678
478,-6.718214501497456,5.8255195580546575
479,0.1641270263543397,-6.662027912635996
480,0.8940540455110645,-8.075641454117338
481,0.6380360748958591,-6.673719941322263
482,2.554676837500547,-5.127633468186179
483,-7.606763015045795,5.882130690195828
484,1.0308629271466003,-6.605900181585058
485,2.037085805429863,-5.283777804869833
486,-5.510673423375991,6.4744590955363375
487,1.144625252973599,-6.070741615269771
488,-6.64987616627417,6.849518448701489
489,-8.204123432915367,6.15681988110373
490,-6.6949092881578105,5.957036014972494
491,4.318995105124675,7.524218507327038
492,0.8365166636346254,-5.5505449456846865
493,5.351242723273477,7.202275167486076
494,-7.942920433196153,8.069924730108312
495,-7.917516433407502,5.67623912177076
496,-8.669402339260223,5.936095060638902
497,-6.560030267954845,5.411254904550305
498,-7.750844940479448,7.036889695730983
499,6.005705852491619,7.683671844490113
500,0.6502717207332599,-7.408470946374829
501,4.6963058789182135,7.857092150663419
502,0.9428829692362376,-6.177407743072554
503,-8.115967661265271,6.320648096312529
504,-6.821116486860287,5.037154595868559
505,4.985774470767256,6.683368093256658
506,6.2961017187330635,6.628905975377469
507,5.798277081696397,5.297173726046049
508,0.7577587628608866,-6.344573079693681
509,6.010862998244347,9.257865282048591
510,-7.502761586173338,4.411829243885095
511,-0.4051120751547539,-6.461855245904288
512,6.97802063197571,7.98055955675191
513,1.7940059129238557,-4.1341875304024684
514,7.170799906569344,8.0726677458859
515,-8.039785817646248,7.768482635816873
516,-0.2049423887304665,-6.553643871634817
517,-0.1489968609318751,-5.0161471276195275
518,-0.5316880450898473,-7.226698441864993
519,-8.068998014166873,6.361999376501439
520,0.3809776908392598,-6.256650505747021
521,-7.527524616170076,7.201410177068715
522,7.524812425796536,7.748417533397365
523,3.8741659244404945,8.505816940560182
524,0.921192958370324,-5.667261377980464
525,-5.08083328027632,4.867999798484917
526,-8.192977468448632,5.311610565460729
527,6.54605193334445,7.047320495331908
528,1.45672954010037,-7.932134273669855
529,1.455741828467826,-6.0807724018400116
530,4.266620554057282,7.799512544347803
531,5.408221655211194,7.448338351937442
532,6.507784979871624,7.374909675993202
533,-0.960429415457188,-7.990338974535971
534,4.257570659245862,8.19001421165037
535,0.7153949476764171,-7.785614998170445
536,6.825324029083423,6.176805813967159
537,5.654057982558278,7.1247791515283545
538,-7.652451475444125,4.7355915337685985
539,-5.5617160769379534,4.839442551462138
540,-9.48662323958941,6.936175598339975
541,7.0384060399618456,5.567658496937243
542,1.099449033890432,-7.458269219249721
543,5.238180719227424,8.632516614127576
544,0.7462359904609193,-5.752780330524056
545,-7.677166335073386,4.427751004896997
546,1.107884447729676,-4.587547177958493
547,-6.280754575891603,7.30578161443338
548,-7.747953364146114,4.943666552114425
549,1.4905276650943375,-7.1022537213133665
550,6.650140494383174,8.600964662587115
551,-6.181406163781074,5.946174248577201
552,1.448318693703393,-5.321863720846588
553,5.753952867465406,7.1219590180752785
554,5.163027885147772,6.149897844693678
555,4.074009980460057,7.175105212014396
556,0.2635620026213658,-5.871483835759603
557,0.344284005050962,-6.733316242518008
558,0.0447859502226171,-7.951117936623277
559,4.329981180162461,8.136818583099592
560,-6.33289887642017,6.06535907569456
561,6.916057115582287,7.045164523303559
562,4.848989811055006,7.832137691810312
563,5.086752118104007,8.521094311885772
564,0.1609114877701063,-6.531960990941242
565,-6.8566358310407285,6.1316479099479055
566,6.415620820089669,7.786647352811558
567,-6.431048806006509,6.600511294633463
568,4.626704445428761,8.146021671883812
569,6.87007057890306,7.780341761970625
570,0.8490499829062921,-6.438222252447477
571,0.600570025194143,-6.377385561949456
572,-6.498678356721038,7.466474649455855
573,0.3594462282861353,-7.4471441248058525
574,5.954509373482686,6.565095383191283
575,3.5947448977799352,5.785077918616432
576,1.295080603143819,-7.1883656103761595
577,-0.0209250273118976,-6.2830449299490105
578,5.580440200408363,6.479854332475551
579,5.133394076419724,5.7820904626357255
580,-0.4065086010185921,-6.416416472868966
581,5.27129983752977,8.040969742131336
582,5.563901573076414,7.069054176678722
583,0.4750652861805929,-8.11208107892665
584,-0.0712648588258697,-7.353682282182768
585,1.280685545954299,-6.97857802908426
586,-8.905589897195616,3.7601872263700793
587,5.774809501369542,8.391556487660377
588,2.086838314890694,-7.303225477372856
589,5.21803796005753,7.7497070892185
590,0.1286440590830624,-8.058452615963956
591,-6.2582365815560355,5.211172078437148
592,7.136048306888947,5.878826166244612
593,-0.1332296479186185,-4.857771730178696
594,5.660803236427659,6.993279489146541
595,7.168020509160379,9.225736775652123
596,-7.479851738559294,5.701318634833329
597,4.9605935743125755,4.3116480458948905
598,-7.102172284955048,5.428381636236119
599,6.888579671736654,8.04144356772084
600,1.992176826237006,-7.583956317884833
601,-7.4782516153980465,6.159588955833169
602,-8.314158159738419,5.646011660817606
603,-0.2110250257065935,-6.969329857118876
604,-7.368402429782988,4.992977789962277
605,1.247064329944322,-6.691271247123029
606,-6.235123515186701,5.816925066260076
607,-6.459274590287877,5.77804350071617
608,6.929240922907061,6.971108701220755
609,-7.169469456027293,5.504169951033042
610,4.208245654614335,6.765782243060221
611,0.0840096301212924,-7.201679427444704
612,-0.63700158098248,-6.016568661314092
613,0.0084238217641404,-7.295408128711874
614,-7.904467244390777,4.775145331039869
615,0.2189063750368662,-6.929747531325414
616,-7.116965230278576,4.721756618366678
617,-0.3171217501502,-4.528482568975089
618,5.097778093909428,7.474379834826169
619,-6.324323498275489,4.960209284685955
620,0.9623763961239176,-6.4595811046716864
621,-6.871544928461819,5.796252742357959
622,0.5851573359603841,-4.891872540353009
623,4.760826481377279,8.054434682250944
624,0.369499239542678,-7.504138859900788
625,-6.31854769654076,5.8365225842753965
626,-6.3323687974331735,4.383962301786746
627,5.234406130817538,7.179439152520997
628,5.042378312169252,8.656026898820539
629,4.353644188056346,5.965280488415782
630,1.859196518845805,-6.519935058419872
631,5.5536044784921,7.685954424898459
632,-0.5332885095384776,-7.833902415401984
633,-5.006658454921762,5.098784625464878
634,4.368796037007386,6.2682451149001945
635,0.3052500922143137,-7.187468550777997
636,6.3407072461059455,6.968563179987228
637,-6.838971998576485,6.324120782389155
638,6.19945143804247,4.69960593219319
639,-7.686788880806708,5.183628708952232
640,-0.369531585531015,-7.214882889924031
641,5.3941343890490545,7.583275225344466
642,5.873161668132113,7.477718517287513
643,0.4055878015969484,-7.471490351241087
644,4.31450175184533,6.8723377206679945
645,4.146316313727005,8.352411646811902
646,-0.1122812897121523,-6.121571387803208
647,-0.368353518725693,-7.138160907944842
648,5.895776165458699,7.200574151512132
649,4.7827211195325035,7.989604174924869
650,-0.2951907924307864,-5.833907538648182
651,9.370845309776964,6.866567735368099
652,6.402814941857937,7.650547065708309
653,0.0740121673283155,-7.82481311340648
654,0.5488426612703661,-6.401504988567711
655,0.1000837934018209,-8.346755968773401
656,0.2323218774626206,-6.941403946819054
657,0.8023700507690952,-8.219402227864789
658,5.147498605177468,6.3785266798933415
659,3.938142614361135,6.364141926151605
660,-7.20006951682276,6.365281949997571
661,-0.680209873358466,-7.055431557278371
662,-6.267059977202676,6.293872519107337
663,0.2782190282392092,-7.643012038258602
664,2.4613941122168708,-7.348645667999113
665,1.1373839992475894,-5.176903904569952
666,4.260355560128285,6.35332566109209
667,-7.139646683295173,6.065619980423853
668,-0.8446506582275617,-7.450588863089748
669,-6.773776924801854,4.851904999413476
670,1.312600295211101,-7.95734822803193
671,4.511743561936694,7.233160142543617
672,-7.692748926832934,6.764061205645268
673,4.819180135102972,7.89254575768437
674,0.9319565703173428,-7.381310883847536
675,0.8030581727611558,-7.159860619387577
676,1.7122402278768882,-8.062553457025821
677,6.211194007753351,6.426420471631326
678,-0.2971225614662597,-6.359435712250846
679,-7.70741460148116,5.335951311063484
680,-0.861316272587136,-7.375957843734678
681,1.9459005474141828,-5.341672574426777
682,3.982532073528965,8.168843678464006
683,1.3672449101647055,-7.318312738954653
684,-0.1815715120345523,-6.53589427204431
685,2.411391495340686,8.44891559577581
686,1.038978119861082,-5.72801645104394
687,0.6768297521097211,-6.046662336364015
688,0.8516515064368126,-6.8463538190252144
689,5.99607729476321,8.157325399382295
690,0.5815689649015241,-4.42796493347192
691,-7.539733556373547,4.868407390398657
692,-7.685719725012745,5.192869734596527
693,-8.005150884492073,6.832276521139473
694,4.467601113487366,6.648448313792966
695,-0.5860642711274751,-7.602192658215866
696,-7.728563362338122,7.981065757493614
697,-1.3685346516910497,-7.090859003411399
698,-7.086934873713353,7.350874282336228
699,-7.572124507166704,7.621686846457728
700,-6.3860369741966325,5.484881200956136
701,4.182919568421106,5.935197789150729
702,-7.765791525859246,3.843224161644528
703,6.557469169605581,8.928147609389482
704,4.583852221889626,7.59997389078648
705,0.3512896622491517,-7.7997072414171775
706,0.7635058886154668,-7.33056352027298
707,1.3996911444811408,-7.060082538190972
708,1.654318667851294,-4.243166398725415
709,1.619223901902565,-4.6341847922072805
710,5.812148792415316,8.529748003039773
711,-7.08887723118282,6.863999086545797
712,4.7447095182904535,7.704855992472287
713,3.656548550283501,8.835015705993072
714,-8.901978124363612,4.452602499538687
715,-7.276701424598043,7.113328221955823
716,2.786125409740091,-5.930755829203697
717,5.111140461483971,6.830149026915703
718,4.03691867957652,7.970585504902529
719,-7.2578426150170685,5.197639907629799
720,-6.72759202425114,7.613559589962549
721,1.088387285866204,-5.994511790124276
722,5.37190923572899,7.680142220056001
723,-6.417785253603287,4.850928035804724
724,7.063059208490808,7.034633307523608
725,4.701822228728468,5.296505816644088
726,-7.709758049561385,7.108459348076842
727,5.318264471811891,6.1820748118870625
728,0.556385960292318,-5.142421965362367
729,-6.350137636946897,7.076458858840043
730,-5.261037427494029,6.404537641233255
731,-8.644757975030055,5.407526383096318
732,6.91859082925712,6.01303888340055
733,5.93401712973254,8.20801279666177
734,6.75672364558944,6.654985996797712
735,0.6221889617800838,-6.230105194436465
736,-0.5179899921703426,-5.508882893628497
737,4.953674601463217,8.69356275664633
738,-0.6864576838917504,-6.946234890823821
739,-5.916988182606052,5.54537693436422
740,6.941423185856308,6.674448350318959
741,-7.494821713699744,6.5739920562507725
742,5.477085161471927,8.172225591109155
743,-6.028997908009555,6.987819830378054
744,-0.9245569029493486,-6.939824601328842
745,1.4379964365950075,-7.465800459617072
746,4.244861257488166,6.232798601959574
747,-6.144510245756279,5.792925394145906
748,-0.8025563511793168,-7.620937696116056
749,0.5567804468301101,-5.497007768618769
750,-8.18239587800019,4.044195035322948
751,0.6692370883340357,-6.857052400747329
752,1.5979111580738463,-7.38109234090353
753,0.885230007620114,-6.664198255114204
754,-1.0389073692091777,-5.498378049462437
755,-7.155984571942369,6.720183101040025
756,1.1275119123798654,-7.834168049415889
757,2.3662545798340124,-3.5248874496653375
758,0.2917233690712432,-5.908894856341706
759,5.14604714455498,6.430926922631204
760,-7.185075184990753,5.699477966383308
761,0.5109563110979456,-7.374129000559348
762,5.5556674610640515,8.746692825452387
763,-7.312693448571961,6.337286139716699
764,-7.008439005364135,4.791647642465837
765,-5.9766619743861025,3.2025250088374317
766,2.1237558999303303,-6.557375665517846
767,1.1998366135623075,-7.950062642813643
768,-7.328949543170197,6.102364897763611
769,2.298335432337738,-6.393731376570521
770,-8.205926686002757,4.1332711661036035
771,3.6318593958805807,7.352535169102864
772,-0.4021199387688798,-5.893655592005105
773,6.992097170149564,6.3119271502553636
774,6.024689295108174,8.250934935098257
775,0.0698765724521589,-6.507958789804599
776,-6.314832072837975,7.130791722382737
777,4.555340671779865,6.140954513448588
778,1.2577034122003132,-5.123843471422943
779,1.7777598329665387,-5.782097182810772
780,-6.033382470881886,6.785843071764572
781,5.653021436561156,6.292404696913992
782,3.284470610553187,7.4767873267333185
783,-6.9514612429994385,7.456622912230928
784,5.753478377754905,6.286883116525685
785,4.909625729101934,7.014078511880043
786,-7.43440567058,5.079791771989346
787,-5.646856021603352,6.6876992138858125
788,3.568418714722408,5.371014641872198
789,0.4293326092197494,-5.989249796353812
790,-6.534361889475791,6.907161655121619
791,-0.0666032449726058,-5.601093358630546
792,-0.0161568837699288,-8.006825837605376
793,0.6584833207290579,-6.860060996491123
794,0.236385946912994,-7.15333513704604
795,5.423018294801152,6.58609539247171
796,-6.712455410975741,5.927347788602995
797,7.661953838089321,8.279720604325343
798,4.866431832952744,8.228541410778883
799,-8.208933506291148,5.973726533605858
800,0.6037933096219509,-7.987972026499929
801,-6.397862903840835,5.666313698080386
802,5.699122087545118,9.021758878697776
803,4.277243029524842,7.273531401147747
804,1.9135019952746208,-6.236483450928257
805,0.3289379019607624,-6.918542150233838
806,5.330702103851646,6.980361655839298
807,-0.4836506994320542,-6.139941659922534
808,-0.2647747532227718,-7.9828324045106065
809,-8.967693597233165,6.396528894538879
810,-6.134399611651662,6.593374983411768
811,-7.008380983310121,4.868297895426543
812,-0.6485999776428435,-8.675870037533722
813,-0.0754823106763038,-7.727255850207358
814,-6.147123244974683,5.215150841767025
815,-5.5609061787789615,3.55845129418236
816,4.01657916143889,6.2140748948093485
817,0.8824701589757094,-7.136724356317377
818,-6.118693158678462,5.1454082320993715
819,-6.921081115475321,4.852134913866217
820,-0.4136196771703833,-8.265417588130228
821,1.3513200496802766,-5.466098314054749
822,4.486816851949211,9.152836124066198
823,5.780506742866957,7.83727815597428
824,5.62830248269118,5.896998897241491
825,1.1531952765512443,-7.40947545211552
826,-0.7462035539247058,-6.704330245705592
827,-8.463188498728266,5.244593999604207
828,5.669770144091014,8.140450640630164
829,0.7897047788229122,-5.334986914576853
830,-10.503508121812697,6.743594184533507
831,-0.9328932710467626,-6.665407128631153
832,-8.240245768793024,6.373714829889215
833,3.972738004375425,9.64851823758806
834,5.333543370315263,4.637770278983719
835,-7.6296699640491505,4.443878647066692
836,0.4876420929256982,-7.099349075759867
837,0.1068744237917362,-6.054310001714913
838,-8.08717205050329,5.471520349112322
839,6.017682752614151,9.613798595432442
840,-8.903236488225092,4.331982400347203
841,-5.848164279873918,6.066790510119
842,-6.126777676415836,5.607798186885984
843,4.791663327963019,6.0971423726828595
844,-6.270965062771614,6.118366885043911
845,0.5370463900659972,-6.632790491468505
846,-0.2130242335888564,-5.10355281955539
847,-8.338003770426921,5.79702703027811
848,5.713196066303991,8.533181040588213
849,-6.609480922452006,5.746758817682663
850,2.2828937516022743,-5.6841707903697305
851,-0.3987773063070681,-6.446408603777793
852,3.769865532117104,6.944913646605964
853,1.8971104944668324,-6.030062517824819
854,-6.165498382956731,6.272680778930334
855,-6.752099075916157,5.529049765345999
856,-0.6640776804404382,-6.1534457049502045
857,1.022749306313837,-6.030510783062567
858,-5.44038415927098,5.818410559050964
859,3.98378554142664,6.738045736145796
860,7.0803449782382115,7.777294038363507
861,-7.534708120120499,6.910317331113617
862,1.7858163441031725,-4.698832545137004
863,-8.475861862675881,8.484205494525678
864,4.549214492694375,6.114066389403316
865,3.3828597028082825,6.408962491821905
866,-8.88371247159268,4.943945286254175
867,-6.487934045366104,4.329738636421349
868,1.584418436180336,-6.681161550368387
869,0.1599463797617271,-7.011899093576785
870,-0.700827513129967,-7.914222735527267
871,-8.16268469983715,6.191328755310198
872,-8.530922400415815,5.608053316378257
873,5.493854044361679,6.606310724050305
874,4.4580712483861,5.859687954929441
875,4.459650357104868,6.105876274940003
876,5.259317426909156,5.9838387254475816
877,5.5527250009570945,7.644167985772811
878,1.0277790606284816,-8.074843225440171
879,2.421071295375518,-6.411055193314022
880,-6.522425616092365,4.741288532366234
881,-1.5073353113331305,-7.302708818568591
882,0.7673444571592701,-8.533547000078944
883,5.23634177605427,7.061351333667667
884,6.560786762549141,6.659300054168701
885,-7.252099224822905,7.882854080211709
886,-6.832796430828824,4.7533817726862315
887,-7.01113780518509,5.778540110315911
888,-7.618555614754361,5.409231162999222
889,-0.2055565576022374,-5.7565673359301535
890,5.842792599476855,7.395721512380673
891,-7.130014184318231,7.199603567120981
892,-7.175017648121543,6.45875224399232
893,-7.518861839585973,4.789767325589686
894,1.2022671465507464,-6.646674795405259
895,-0.0492348609874443,-7.770478584195628
896,5.752139460228888,8.560746082370958
897,-7.918278501966245,4.711062198090987
898,0.8374709279793674,-6.166521372650604
899,7.715828988996408,7.777747014710992
900,0.4751120426864467,-5.676410687317436
901,5.319028502353671,6.6098119190495375
902,5.408058048403602,5.651164184410664
903,1.2090386826310504,-4.558855799792674
904,1.0564900341292502,-6.933669819752437
905,4.452435087784441,7.960561897534735
906,0.8619117584122103,-6.446900890228768
907,-0.6281229738597016,-5.833030712321886
908,-6.287556078315299,6.08559899509878
909,2.078395015825799,-7.216239066272678
910,-8.394729297943362,8.347919021795121
911,-0.4238307655710271,-8.217707914928292
912,0.399894219158225,-7.113379219793952
913,1.7498963862750632,-7.441312608376856
914,-6.69576161269714,4.245085228613603
915,5.514270665876456,8.511861435603532
916,1.269784575059175,-5.529525273782615
917,5.590978358680735,6.713046641780409
918,1.258538442907959,-6.27264126615278
919,-7.756451148447977,6.34589801653031
920,0.3181222936102885,-6.699507702374337
921,-7.17926342818841,5.90608609705046
922,-6.172973354165267,5.576790274260002
923,4.804869070468438,6.569133946198112
924,-6.900529720709996,6.557840773979045
925,0.5057409362970664,-7.97891674093604
926,5.642105742018115,6.703216992330905
927,0.0610293088082307,-7.153808587159152
928,6.669221117531787,7.676124619950912
929,5.992255859003694,7.057146479831631
930,5.924211833195991,6.841938460123441
931,-5.0419479341396105,5.298685139524139
932,-6.65605594952995,6.977249654132442
933,6.035108433926988,7.748256925166929
934,0.960155224528763,-6.52917338515761
935,4.172440330538572,7.574914383586681
936,6.9014101587133645,8.30774881131304
937,-0.7850054350931874,-8.596125858088241
938,-8.442201052938742,6.386142823424092
939,0.2164890436266157,-5.046162637535813
940,5.611918997341708,7.985909139118351
941,-5.687778734965033,7.050099148800297
942,-7.841426254798633,6.660185978921389
943,-5.112412601663481,6.942850119144666
944,5.075832190132855,4.31494447440101
945,0.1021421374154887,-6.964133291626261
946,-7.719347201801663,5.917491517967195
947,-6.82234785891549,6.809138772703863
948,4.61786516084564,6.371200791977542
949,-6.112828692183478,5.278364347106505
950,6.764918762431827,4.846925700280674
951,-8.3480896694179,6.5538118660241915
952,-6.880025287184007,4.265632854834224
953,0.4640010770682861,-8.774213791152237
954,5.508960601825621,6.78247157277304
955,-6.327519939966237,6.71227450591158
956,6.58456859333448,8.823235944703995
957,2.977397780947105,-5.668294592115837
958,0.6045412288159289,-7.389097712813447
959,5.4339392567376965,7.105522826357833
960,-6.241924816981541,8.367564325720064
961,1.6730202441648616,-7.001768079002951
962,-4.950277695014876,5.909057234217356
963,-7.600516129352609,6.729367156549563
964,1.3824260252409235,-7.679330513402496
965,2.750921469864916,6.683498506735124
966,4.981552853669616,8.028619224612124
967,-7.2111323692346305,6.512129198370761
968,1.918878403441052,-6.107936555230995
969,-6.279772631518582,6.6330687014559775
970,1.1338549866338958,-6.695934364365741
971,0.7415962081564973,-7.723173411104327
972,-6.647440455088627,4.744921473747917
973,0.2706377052940691,-7.211895698897594
974,1.6907293113477908,-6.662259938028387
975,-7.449090036162879,6.003247194984493
976,1.5102291116523925,-6.096416980786185
977,-7.519061404409829,4.650312953748949
978,8.057522153719896,8.51453565229995
979,5.7094246849048185,8.217616477052546
980,-5.679675303974796,4.792842709541237
981,1.3797888096662572,-7.751440214926022
982,-6.5152907560477065,7.920531876288656
983,-6.425677561968973,6.321083976769822
984,5.290209808707769,6.611652114025334
985,-1.2303111376825404,-8.295032074412163
986,0.9416209130299908,-6.607851072698837
987,1.2937414101975673,-5.135013450601849
988,5.067485846184219,8.622381710932519
989,-9.187276808953886,5.171177700384844
990,2.8838530989178444,-5.661274199015691
991,4.637718754629046,8.348218450594983
992,-5.373043068403705,5.274236926968439
993,6.822561392164793,9.109135578870706
994,-7.831228932046738,4.367963577383991
995,-6.009482008809313,6.978409862425499
996,4.138998194878443,6.089318564097422
997,-5.737554411358158,5.214425828504619
998,-7.942703772092919,5.498023507845872
999,-8.937249852449913,5.724121529303396
1000,4.782239735839907,7.828972243853936
1001,0.9248442774237357,-6.488358986567761
1002,-0.2676335551580894,-6.510455163663218
1003,5.852329899255471,6.650908653490428
1004,-0.7393564585014898,-6.392719024886361
1005,-8.326531796795361,6.358473441234321
1006,4.177445152800737,6.40023041189097
1007,0.1128739972370835,-7.477942338627376
1008,1.429187651467514,-5.398173792488716
1009,-6.9675839151475465,5.9675906371132825
1010,-8.191193208718513,4.017868845160841
1011,7.408488000500135,7.500705693165283
1012,-0.0525389577054391,-5.573513277338783
1013,1.2912979722542612,-5.465541331618369
1014,6.022163212483937,6.109243775275055
1015,4.528397816711214,7.411069030761565
1016,4.766076054876824,6.323537530491034
1017,0.9834983151700116,-7.199634581234167
1018,4.647774540288193,5.040983197455104
1019,5.430809663156143,6.661986773637158
1020,0.4920545133415481,-7.066232171006997
1021,-6.533752501245357,7.481105823859439
1022,1.370407888842724,-4.767371063648339
1023,0.3557040252706216,-7.518484052623674
1024,-5.855474404900763,6.15770133993922
1025,3.319334567787622,7.593682008815937
1026,-7.837414466333794,5.624823105492792
1027,-7.608465168274265,3.154919563243555
1028,-6.283893478776995,5.608937626587633
1029,-7.320790765212559,5.766897102604469
1030,5.7224718942439825,8.216827355297822
1031,5.775607138306402,8.010369886597129
1032,6.426940376881753,6.836499117791204
1033,-5.860941830149364,3.9243324370219943
1034,-1.2024909946647682,-7.521947437255104
1035,5.189683127181202,9.86433800764154
1036,7.19259410330741,8.023763674137788
1037,-0.5092015795157017,-6.496820732334338
1038,-1.4707171730198936,-7.559457189459893
1039,2.264795124814462,-7.200754112182287
1040,-8.816987519116996,3.2487098252087883
1041,-7.384280401652405,4.261837554016408
1042,0.8669773334145386,-8.534993778920086
1043,4.303439565067341,6.142830815477295
1044,-7.932143940242526,5.656036362683642
1045,-6.318189653289181,6.290362209620865
1046,-9.190536171398042,4.970583815218472
1047,0.7934777657806591,-6.798089379882619
1048,5.614108426701704,6.258935402482606
1049,-6.790458925793339,7.352930855643611
1050,0.8316249001050778,-5.468556503714444
1051,-0.21254247016171,-7.142752332596086
1052,5.558755253520858,5.948139434103444
1053,5.361850706211903,7.2781112108996675
1054,0.7624542533591072,-6.0967993117322825
1055,3.2062219178693674,7.315842339682626
1056,-7.442971936285899,6.869681608040114
1057,-0.7758775313005415,-5.749063189271955
1058,-7.0949702823965115,6.726408624305921
1059,3.747653679064318,8.215742707155885
1060,-7.208240439805518,5.003500595277715
1061,1.6566587759750917,-6.6734073508941725
1062,7.507371057712843,6.529857770114072
1063,-7.0239131636401435,6.5531664598561274
1064,-7.148351602343894,6.208762353230023
1065,0.3073439306303839,-6.0817884057998866
1066,4.9996662132189105,7.549483516576663
1067,5.503835440136002,6.559690335059236
1068,-0.4023242210063935,-6.323079792692105
1069,-4.794615630298446,6.539537458209446
1070,-7.659278903404837,4.979414345300814
1071,-4.873750474561424,3.9983449751735383
1072,-4.798952273083233,6.833465396612114
1073,0.1961610508719245,-6.076848462207749
1074,0.3291341581920787,-7.215665825060698
1075,-6.082555915065553,6.930111757649073
1076,-8.909726121505571,7.157526471537882
1077,5.787215760594992,6.9055492883924465
1078,5.226456178858173,6.784380894568191
1079,-6.90392937770452,6.937931503993854
1080,5.474051647578977,7.132051364085659
1081,7.636615219964831,5.246574042479085
1082,6.022345595811096,7.356152049726894
1083,0.4938699868349255,-5.672629115258828
1084,3.984174007893926,7.299882513975075
1085,4.636159939466863,7.318919155369989
1086,-8.897318124504853,5.938983477562382
1087,-6.166356773704846,5.710914845051762
1088,-7.251730249088888,5.707490495004771
1089,4.21394365455603,4.858988871107696
1090,-5.975050061752685,4.375489101290399
1091,1.9111037279156364,-8.927991765846068
1092,-5.6844137664242815,8.08083834425195
1093,-0.7145919493640382,-7.025430181270014
1094,5.177242343565267,7.555423562194436
1095,5.5042182057026,7.416387055978989
1096,6.946876433128169,5.8792857831617065
1097,-0.2120612535285624,-7.612818094859398
1098,-7.369403777063607,5.020362428497573
1099,5.6846044920465415,6.644248024138141
1100,-7.2898684073336675,5.781085257714739
1101,6.3235222432029135,8.13500491248896
1102,1.4864486491326718,-8.504781243564567
1103,-8.761879493740913,3.5585354393498556
1104,0.6493779913463599,-6.443452330287925
1105,5.515137957639943,8.47260368687418
1106,-5.919779845529371,6.326974919710895
1107,-0.6546983365241739,-5.836004979942714
1108,4.790773910118204,7.910302090831569
1109,1.2168527798946065,-5.964106971927387
1110,6.003082494364053,7.907458324176061
1111,5.816708668685829,7.9268471316031714
1112,-6.779933458704008,6.634958183220338
1113,-7.922015017154231,6.934251267294569
1114,-8.292466433153049,5.56854378778536
1115,6.201692624074928,4.973365278045273
1116,0.2763450031256632,-6.80060670470154
1117,1.1241860009467328,-7.456190464251601
1118,-0.079181100462957,-6.595080809052593
1119,-5.9362424289979945,5.2294201374665406
1120,1.5966882096078967,-6.16617451359107
1121,4.10909030598323,5.956946232993401
1122,5.724097211123568,6.9433021517503875
1123,3.6013124039964977,7.201177797491539
1124,-8.247346755497182,3.7012893626557224
1125,2.6507682543738635,-7.894752094229298
1126,5.349067558155702,5.569944990768751
1127,-7.107871501041569,6.620258866123349
1128,4.289193058451815,7.296678774378245
1129,0.5792641434273464,-4.793919160362877
1130,3.4133466926938665,6.027200540131414
1131,-5.958611655612228,6.703108074311719
1132,5.224234536438302,7.238801065804959
1133,4.8924695555882565,6.3696084577501475
1134,1.6526410303790249,-8.41800392942226
1135,5.338875517374127,8.371668823983804
1136,4.574250843766563,8.066440459297342
1137,-7.989842363255833,5.494834850485827
1138,-8.030203466786114,7.152413671718256
1139,0.8461755842754574,-6.582276526661439
1140,1.4611548282426434,-5.169804823035006
1141,-7.415351661105222,4.454326056473343
1142,7.641291171229266,8.746977567856154
1143,-7.559142476276048,6.205518792055189
1144,-7.8948146528662,6.364956429185133
1145,-7.999161481731433,7.031420633558686
1146,6.110728566170101,8.016700529615294
1147,2.732189090004109,-6.405210635014997
1148,-6.46650567215756,5.144260703709484
1149,-6.843728322412898,6.157917521728307
1150,-4.576015680241078,6.662013944129224
1151,-7.588591152495896,6.832506520883454
1152,-7.982935807810907,5.417472062500421
1153,-7.910325933421381,6.910985220962609
1154,-7.065836665139022,6.513504707543939
1155,0.2369128633455954,-6.154330668083858
1156,0.6670300548532779,-8.688309215394975
1157,-7.511822486406831,3.857030866711447
1158,1.5422967065510391,-5.479995373022672
1159,-4.297180481534362,6.1966225577046705
1160,-7.326592319774464,6.019212174545849
1161,-6.920421245446739,6.427059060826299
1162,5.909560485828199,8.11037518387387
1163,-5.89289856769733,3.421678063585456
1164,-0.2592195867332267,-6.133453594132287
1165,-7.258376798785001,3.2045527232646545
1166,4.818337378242375,7.042305985697031
1167,0.908757733725394,-6.81685401112893
1168,2.408727719580528,-8.20972324264691
1169,0.2416790783233857,-7.39761412772363
1170,-0.3499581869302287,-7.076623165308792
1171,0.5530650954106949,-4.891677500328579
1172,-7.652103064338306,5.6174212988101
1173,5.806947510208587,9.109885855810278
1174,1.7901817479490998,-9.284277204037847
1175,5.075209204427202,7.268792442007278
1176,-6.583964216217266,6.1958115528202065
1177,-6.90809462535974,5.166995848782638
1178,3.409496842153736,-6.976612687291099
1179,-7.396322372949443,6.508490411488842
1180,6.296614254088866,7.75684496059709
1181,5.601036777378851,6.045687492830005
1182,-8.401726938336878,6.957026596370612
1183,1.0935820024906588,-6.532569765458314
1184,5.280956234331159,8.200316633768004
1185,-6.731213912848876,5.938484724799891
1186,0.268709325067026,-7.183367461400126
1187,5.290522819868393,7.738333632647216
1188,0.7726699385322904,-5.12744852901333
1189,1.353511497249302,-5.688568564564372
1190,0.4115314603541369,-7.95829601351119
1191,4.889549329902517,5.9084369729633615
1192,-7.381191148060445,5.773679595261138
1193,0.249234305225824,-6.846502484683424
1194,3.6665488466170366,7.243424712068835
1195,6.370254326143645,7.423991329301086
1196,-8.491718308228823,7.395480067835908
1197,-7.535460175783622,6.263508380446417
1198,2.542997840856245,8.1469620300675
1199,5.1614854524039515,6.109605041312199
1200,-8.794689816988022,4.417425193372921
1201,3.0208539442604136,-6.60703051029564
1202,-7.589185648698877,7.383740110433911
1203,5.549358179908131,7.548368050661216
1204,-7.563532133982766,4.6676055031670405
1205,1.7920090830286295,-6.517253137350234
1206,6.177694859595129,7.005567345665115
1207,-6.782326733835051,4.068004614192402
1208,-7.961909163489814,5.931421900855301
1209,-7.381928916276347,6.736920796101741
1210,-6.993527395790418,6.570355525470072
1211,0.7465814506085093,-6.055907465073017
1212,-0.2240454923958758,-5.734401420100843
1213,5.208813188994727,8.874983409291982
1214,1.1812656134849735,-8.154192467870374
1215,0.2791863616134918,-6.362529044308371
1216,1.5197832419142272,-7.63294514017066
1217,5.1810486224436225,8.220471741318203
1218,-7.564487328725889,6.83447556123115
1219,-7.010282468608564,6.550711081064405
1220,4.523725729589138,6.934200134106503
1221,1.2186635331498428,-7.149204163672938
1222,-6.342048764425741,4.803438167667346
1223,-6.477766153607771,5.397370241889159
1224,-0.1273638059783087,-5.838770299720098
1225,-7.3393054467231345,5.587518870606993
1226,5.211434970835876,6.723736795743198
1227,-5.273827814455198,4.767383820639023
1228,-6.716493710427945,4.941741006845351
1229,1.779969937887199,-6.394846663649448
1230,6.233810497104535,7.382765774653072
1231,6.519219599250073,6.401767208794496
1232,6.36251233201482,6.164770869426866
1233,6.438814108895265,7.040316251718791
1234,-0.4146408883350203,-6.149339619944874
1235,-6.682487774981594,5.486674307599586
1236,-6.590326382325152,4.968895251401867
1237,-7.271126610954127,5.541241109259902
1238,4.211943577198834,6.760612394475847
1239,1.0661503225884543,-5.97933659363227
1240,-0.8173735518383933,-5.77635592358105
1241,-1.0685120311635836,-6.898308184545734
1242,-7.603059483030769,6.178336213870969
1243,8.027252329878863,9.871754294763091
1244,-7.692595373729456,4.567276588046536
1245,-7.915457512918841,4.8136269414227915
1246,-6.501023307188479,5.505921753573874
1247,1.037829461350845,-7.708320158129705
1248,5.026757089666124,8.177047295949256
1249,-0.4106126103496226,-7.302887808295717
1250,-5.939852881368015,7.241204348925991
1251,0.7602225331747043,-8.249156116360655
1252,-6.399726910235822,5.889098329811994
1253,6.075671714867564,7.666697369792944
1254,0.2137719964571206,-7.156037770025722
1255,-7.302502737973376,6.633484760728744
1256,0.5011830640645738,-6.140412433390379
1257,5.350328586732902,6.431457241637446
1258,5.101747253346371,5.553113511649829
1259,-6.903766965135739,5.0482403601922226
1260,5.597874236977868,7.710308456176747
1261,-7.445891870340719,6.320713906956658
1262,1.0331066326561382,-4.49459516788502
1263,-0.7120113657875189,-8.257723238441347
1264,1.5205963653439376,-5.802472945796414
1265,-6.829937783556108,4.124927471783526
1266,4.014251130168082,6.962879594615931
1267,2.349114326735891,-4.9425874844428925
1268,-6.6982195598685585,6.392764143139363
1269,-8.826173982286344,6.278913623074315
1270,0.2378732823728947,-6.190314299120905
1271,3.584037698729213,5.928613240637851
1272,-0.0221605587045086,-6.238583460791493
1273,-7.414984567012405,4.961218552845589
1274,1.5849330264481087,-6.656128099980415
1275,5.779257086880063,8.046766974342464
1276,-0.6586484403490083,-5.899716890286495
1277,4.801648604925216,6.9957107915830115
1278,-7.377828578957426,6.648038008968419
1279,-6.227378717640914,4.936114060881795
1280,-7.1776123332048245,8.01397868325031
1281,-7.731018253235088,7.487241302488771
1282,5.849083854748624,8.451579727174224
1283,6.027707488329908,6.708277749379431
1284,-6.253189636168732,6.420761523640622
1285,1.383744778536056,-6.106132841888169
1286,-7.005141099359916,6.0735762412902545
1287,1.505926729891418,-5.807296482879037
1288,-7.8850386183981565,4.917168007501601
1289,-8.63912886964382,5.6899143165673225
1290,2.8771494548861134,7.103816226727661
1291,4.080834781055435,7.512693355879726
1292,5.923657112446877,7.608349876311046
1293,6.7055012226458475,8.164897274037694
1294,0.0114063748964672,-8.279516829292142
1295,-0.3763656663508723,-7.24237082782162
1296,-8.249551336868217,7.379962788424919
1297,4.9889119308844005,5.972709833989378
1298,4.2545876970083,7.593034708300682
1299,-7.343762909119237,6.210245083022737
1300,0.4080460538472829,-7.126808556891645
1301,-6.996328318178788,6.019953709138353
1302,-7.597519655108981,7.456637195473588
1303,6.6527387357178736,6.469260144876388
1304,1.6616786234008754,-6.817456562931932
1305,-6.810690416145225,5.168467934790295
1306,4.432011944718683,6.138110796149136
1307,-6.880996840038868,5.862443623139332
1308,-7.3992338443773695,5.343689684926383
1309,0.8687277645967844,-5.820646619159661
1310,0.6180209191641807,-6.922882731195347
1311,-5.898441581549488,5.316849199017892
1312,-7.467184523865672,6.17985878542327
1313,-7.023857634264929,6.889009357449575
1314,4.69713504270539,6.8626291007512
1315,1.608598187465006,-6.287351357091421
1316,5.475899594031897,7.124859073710172
1317,4.113761101588382,7.332806433655707
1318,5.44655429298203,9.6324022741759
1319,1.4087646700258518,-6.919207856910705
1320,-8.058297715296131,6.8789561829081345
1321,3.992801866049734,6.122270485601224
1322,1.0254934923449248,-7.351071716510825
1323,5.467976527426529,6.7752188884032885
1324,-6.3337820481596765,5.533925318475194
1325,6.051803682179979,6.936156075726904
1326,-6.471085360255747,5.324146831999778
1327,3.9829451821334,6.327278267875426
1328,1.7959632750365488,-5.669532164997616
1329,-7.12786996448704,5.782233573040567
1330,6.196327116180832,7.186520458576311
1331,4.228163367180658,7.470440857793348
1332,-6.842191755233651,5.577951806504542
1333,-6.790778601327259,6.029029847403717
1334,0.3263081908264549,-7.787686520756721
1335,1.5665841680948611,-4.9158638763270925
1336,-7.144388556688458,3.728943095995484
1337,-6.624896427987687,3.77589235087318
1338,3.892566349482128,6.749609958797085
1339,1.6061238200582857,-8.231522703995944
1340,-8.36885953820087,6.760954058204294
1341,-6.457868461451588,4.874879954432876
1342,0.8985683216862079,-5.632846579759688
1343,5.8343600979637396,6.921353986912682
1344,5.8417976146250545,6.4500625683174455
1345,-7.352654942374086,6.233507177091934
1346,5.938601598281377,7.657497448489638
1347,-6.356682809078303,4.330766249827405
1348,-6.588477282521163,5.0569416557594895
1349,5.107765614649784,6.734472928592903
1350,1.3906136879505164,-4.727989759048241
1351,4.9374264201155285,5.140838441098696
1352,-6.512291608856198,6.224340417625336
1353,-6.432686188774412,6.285402308964439
1354,5.633567305746913,7.124760455452133
1355,0.238143634819793,-7.466294209419781
1356,-0.3646030164650313,-7.187040055458403
1357,2.1164201385861894,-6.7081541173310315
1358,-8.4751249646082,8.077028329756573
1359,1.4095899339117013,-6.100951610638113
1360,-8.383175158087102,6.347841053291974
1361,3.6739250328927584,8.509874351218008
1362,-9.062155590030743,8.403631823812594
1363,5.370815824855706,6.086994616983175
1364,4.31831598160691,6.698034525506507
1365,-0.5038123191695829,-5.823007392161223
1366,-5.918624090118227,6.538605590963734
1367,-5.863022950072538,7.571701800099704
1368,-8.224575475542931,6.736843945477842
1369,-5.495123437590743,7.313244033678656
1370,5.7796777626163305,9.453964840202898
1371,7.096761377490294,9.046309180905087
1372,0.7218134463526998,-7.994695346551389
1373,5.374445257343102,8.603130504683179
1374,-8.227072361548297,4.797500850602386
1375,-6.343151269720055,6.059744757505618
1376,4.7434049566303536,6.121400908909937
1377,0.4263474042028852,-7.221277581810352
1378,-0.8340212683934258,-6.512539952426995
1379,5.541488622327893,5.846886755762994
1380,5.8770436425486565,5.785492849158844
1381,-9.222244625715804,5.160034072328286
1382,6.144926968992944,5.881117989513997
1383,-7.019373843389375,5.723756208862938
1384,6.559592613699872,8.317664676866805
1385,-7.658439899833603,4.770454432931787
1386,5.855766388405243,6.820879280520883
1387,-5.2661951452365425,7.021581121172542
1388,3.208997688581631,8.691162929975864
1389,5.306901256140779,6.532307486001935
1390,4.126840875453191,8.14436355212536
1391,-6.493586280723579,5.508229646943133
1392,-2.3358068850032874,-5.370468975594008
1393,-7.094294446244226,7.715310577465182
1394,-9.14684876801829,5.09760140610004
1395,0.1565731234324456,-6.425264515065691
1396,-5.640294355938418,5.130495676424103
1397,-7.632445809741367,6.106572624043762
1398,-7.572992673716855,6.381364806966315
1399,-7.211332919072829,6.144114588926275
1400,-7.316229262492084,6.591179967340381
1401,4.627568060642974,7.86901936390696
1402,-6.63251496925666,5.475488905205366
1403,-1.9529229993771384,-5.722718158663113
1404,-0.1444020295492835,-4.972322182316982
1405,-10.385188956951405,6.35047670475117
1406,5.4893434878496095,6.256917023257255
1407,1.385493790868564,-6.502623805866064
1408,-7.604164391375912,5.814505656133604
1409,0.1087555918549694,-7.300555491079014
1410,-7.116724929748458,4.114019253031635
1411,0.2342647255435204,-5.75847028891839
1412,0.7873522775165103,-7.663991906089315
1413,5.199580195978202,7.250139028027195
1414,0.5588414647755112,-5.327723218574492
1415,1.41676895325048,-7.356679658970952
1416,3.748836202493113,6.315886402180345
1417,4.938483223379441,8.193958541706202
1418,-8.298446630843571,5.214198976434702
1419,8.922065833592884,7.255310790385805
1420,4.388155724228616,7.306590722894377
1421,1.786501969571663,-6.084491627087538
1422,4.614768456550039,6.476756208921721
1423,4.789190118660587,7.9746330293661405
1424,-7.192863034033801,5.137039394362567
1425,-5.307656508702247,7.934556056230067
1426,-7.100063666460764,5.676863681678154
1427,5.97933599895686,7.765104341904859
1428,1.2400751309685822,-4.6934147093064045
1429,4.4350437822898545,8.298999643078144
1430,-8.422792745804706,7.437957402948497
1431,-0.0538561719849457,-6.9301774656484945
1432,-7.424134536444939,7.465466771523129
1433,1.1412399762691017,-5.124724102922565
1434,-6.335698030757231,6.030491544179531
1435,-5.894780366269643,5.806214566543067
1436,1.5937314087260148,-6.814788012110027
1437,0.7060034582156947,-5.136006510998596
1438,1.7876527367802348,-5.970802843464759
1439,4.180355732828414,9.616004886924744
1440,3.4977906511179464,7.017421529290663
1441,-6.425878282763589,5.627002897849263
1442,-7.118912975254267,5.737079971411809
1443,0.6757707746942334,-6.480092554034624
1444,-6.20419753334181,6.993629818752413
1445,-0.3537326539576042,-5.240566455653963
1446,4.167405034376705,7.209955478671646
1447,0.743794990929004,-6.892158026063282
1448,-8.040273207920405,6.318260343249571
1449,-10.052260908943758,6.2829866200362785
1450,4.110779969289882,7.318385062756191
1451,-5.735353407566163,4.80276813517633
1452,5.922983910221449,7.5510706710622895
1453,4.794703548407257,8.447135310577375
1454,-6.795421171812584,5.853864252130063
1455,5.804523645509933,8.42542535235892
1456,0.7701655948673632,-5.489566616014935
1457,-5.9204070111109415,5.515258013854195
1458,-5.022000470118321,6.929140021844475
1459,5.371548871600307,6.821987065594124
1460,2.184022340037678,-6.363634397325742
1461,5.109123315310275,9.305337530088938
1462,0.2606823518375799,-6.327975989036023
1463,5.2354050905206595,8.540363179332434
1464,0.0395326610027105,-7.0799218607761025
1465,-8.87501233308108,7.229641460135967
1466,5.204193340684948,6.420223588678496
1467,-6.158201381686471,4.947165428839018
1468,-0.2096010486842778,-6.462252188999322
1469,-7.501719884297872,7.373870877995736
1470,-6.570146101007245,5.812707415752042
1471,0.3266883933108325,-7.086425041820194
1472,1.111199042369921,-5.8508677367344415
1473,-6.621074181409068,7.037507017073781
1474,-5.558655808049372,4.813127014740524
1475,1.7092112676682942,-6.303768181485509
1476,-7.020153318228372,7.788942916566734
1477,-6.02026662235843,4.404567764086307
1478,-8.062004871438265,5.2836994744874755
1479,-6.564962444399941,6.661335401772827
1480,-0.1535930055654639,-5.94563540905626
1481,-8.712298307821534,4.998573025829606
1482,4.519849327279147,6.801153748005846
1483,3.1915372876130648,7.164672547953525
1484,0.8972913788052879,-8.0995480590106
1485,0.9947618696809528,-6.986883472098581
1486,5.346435544658352,8.405741820241735
1487,-5.940740746595735,6.640410758302662
1488,0.3006635891392282,-6.12357744058823
1489,0.0073482310022118,-7.532018665741974
1490,0.6915370316883214,-7.421897230198027
1491,5.64591684313408,6.831037407720612
1492,6.079862400198612,7.543591716205024
1493,1.91802052092434,-6.388564687422655
1494,5.970088097383043,7.352507698862373
1495,0.8826733022866164,-6.786272306330369
1496,0.946853975798672,-7.254511820012593
1497,3.1801375834156245,6.608660016782066
1498,5.454551538516144,6.461245923608097
1499,-7.769230067622343,7.014383500081177
